timestamp,wp_index,goal_x,goal_y,current_x,current_y,current_yaw_rad,distance_error,heading_error_rad,cmd_linear_x,cmd_angular_z
4103.7297,1,0.2020,-2.4710,-0.2332,-1.1098,1.8981,1.4291,3.1237,0.0000,0.7809
4103.7300,1,0.2020,-2.4710,-0.2332,-1.1098,1.8981,1.4291,3.1237,0.0000,0.7809
4103.7301,1,0.2020,-2.4710,-0.2332,-1.1098,1.8981,1.4291,3.1237,0.0000,0.7809
4103.7439,1,0.2020,-2.4710,-0.2332,-1.1098,1.8981,1.4291,3.1237,0.0000,0.7809
4103.7606,1,0.2020,-2.4710,-0.2332,-1.1098,1.8981,1.4291,3.1237,0.0000,0.7809
4103.7773,1,0.2020,-2.4710,-0.2332,-1.1098,1.8981,1.4291,3.1237,0.0000,0.7809
4103.7939,1,0.2020,-2.4710,-0.2332,-1.1098,1.8981,1.4291,3.1237,0.0000,0.7809
4103.8106,1,0.2020,-2.4710,-0.2332,-1.1098,1.8981,1.4291,3.1237,0.0000,0.7809
4103.8277,1,0.2020,-2.4710,-0.2332,-1.1098,1.8981,1.4291,3.1237,0.0000,0.7809
4103.8440,1,0.2020,-2.4710,-0.2332,-1.1098,1.8981,1.4291,3.1237,0.0000,0.7809
4103.8606,1,0.2020,-2.4710,-0.2332,-1.1098,1.8981,1.4291,3.1237,0.0000,0.7809
4103.8773,1,0.2020,-2.4710,-0.2332,-1.1098,1.8981,1.4291,3.1237,0.0000,0.7809
4103.8939,1,0.2020,-2.4710,-0.2332,-1.1098,1.8981,1.4291,3.1237,0.0000,0.7809
4103.9106,1,0.2020,-2.4710,-0.2332,-1.1098,1.8981,1.4291,3.1237,0.0000,0.7809
4103.9276,1,0.2020,-2.4710,-0.2332,-1.1098,1.8981,1.4291,3.1237,0.0000,0.7809
4103.9440,1,0.2020,-2.4710,-0.2332,-1.1098,1.8981,1.4291,3.1237,0.0000,0.7809
4103.9606,1,0.2020,-2.4710,-0.2332,-1.1098,1.8981,1.4291,3.1237,0.0000,0.7809
4103.9772,1,0.2020,-2.4710,-0.2332,-1.1098,1.8981,1.4291,3.1237,0.0000,0.7809
4103.9939,1,0.2020,-2.4710,-0.2332,-1.1098,1.8981,1.4291,3.1237,0.0000,0.7809
4104.0106,1,0.2020,-2.4710,-0.2332,-1.1098,1.8981,1.4291,3.1237,0.0000,0.7809
4104.0273,1,0.2020,-2.4710,-0.2332,-1.1098,1.8981,1.4291,3.1237,0.0000,0.7809
4104.0439,1,0.2020,-2.4710,-0.2332,-1.1098,1.8981,1.4291,3.1237,0.0000,0.7809
4104.0606,1,0.2020,-2.4710,-0.2332,-1.1098,1.8981,1.4291,3.1237,0.0000,0.7809
4104.0773,1,0.2020,-2.4710,-0.2332,-1.1098,1.8981,1.4291,3.1237,0.0000,0.7809
4104.0940,1,0.2020,-2.4710,-0.2332,-1.1098,1.8984,1.4291,3.1235,0.0000,0.7809
4104.1106,1,0.2020,-2.4710,-0.2331,-1.1098,1.8989,1.4291,3.1229,0.0000,0.7807
4104.1273,1,0.2020,-2.4710,-0.2330,-1.1097,1.8996,1.4291,3.1221,0.0000,0.7805
4104.1439,1,0.2020,-2.4710,-0.2329,-1.1097,1.9007,1.4290,3.1209,0.0000,0.7802
4104.1609,1,0.2020,-2.4710,-0.2326,-1.1099,1.9025,1.4288,3.1190,0.0000,0.7797
4104.1775,1,0.2020,-2.4710,-0.2320,-1.1099,1.9058,1.4286,3.1152,0.0000,0.7788
4104.1941,1,0.2020,-2.4710,-0.2315,-1.1105,1.9118,1.4279,3.1091,0.0000,0.7773
4104.2107,1,0.2020,-2.4710,-0.2310,-1.1110,1.9186,1.4273,3.1020,0.0000,0.7755
4104.2275,1,0.2020,-2.4710,-0.2305,-1.1116,1.9289,1.4265,3.0915,0.0000,0.7729
4104.2441,1,0.2020,-2.4710,-0.2301,-1.1121,1.9401,1.4260,3.0801,0.0000,0.7700
4104.2607,1,0.2020,-2.4710,-0.2294,-1.1125,1.9532,1.4254,3.0667,0.0000,0.7667
4104.2774,1,0.2020,-2.4710,-0.2290,-1.1131,1.9675,1.4247,3.0522,0.0000,0.7631
4104.2940,1,0.2020,-2.4710,-0.2285,-1.1133,1.9805,1.4243,3.0390,0.0000,0.7597
4104.3108,1,0.2020,-2.4710,-0.2283,-1.1138,1.9950,1.4238,3.0244,0.0000,0.7561
4104.3274,1,0.2020,-2.4710,-0.2280,-1.1137,2.0086,1.4238,3.0107,0.0000,0.7527
4104.3441,1,0.2020,-2.4710,-0.2281,-1.1138,2.0224,1.4237,2.9969,0.0000,0.7492
4104.3608,1,0.2020,-2.4710,-0.2283,-1.1139,2.0369,1.4236,2.9825,0.0000,0.7456
4104.3775,1,0.2020,-2.4710,-0.2285,-1.1141,2.0505,1.4236,2.9692,0.0000,0.7423
4104.3940,1,0.2020,-2.4710,-0.2285,-1.1142,2.0640,1.4235,2.9556,0.0000,0.7389
4104.4107,1,0.2020,-2.4710,-0.2284,-1.1142,2.0773,1.4234,2.9423,0.0000,0.7356
4104.4273,1,0.2020,-2.4710,-0.2282,-1.1142,2.0977,1.4233,2.9217,0.0000,0.7304
4104.4440,1,0.2020,-2.4710,-0.2282,-1.1143,2.1042,1.4233,2.9152,0.0000,0.7288
4104.4607,1,0.2020,-2.4710,-0.2282,-1.1144,2.1175,1.4232,2.9020,0.0000,0.7255
4104.4773,1,0.2020,-2.4710,-0.2283,-1.1148,2.1313,1.4228,2.8883,0.0000,0.7221
4104.4940,1,0.2020,-2.4710,-0.2282,-1.1149,2.1447,1.4228,2.8749,0.0000,0.7187
4104.5107,1,0.2020,-2.4710,-0.2280,-1.1150,2.1573,1.4226,2.8622,0.0000,0.7156
4104.5273,1,0.2020,-2.4710,-0.2277,-1.1152,2.1708,1.4222,2.8485,0.0000,0.7121
4104.5440,1,0.2020,-2.4710,-0.2270,-1.1156,2.1900,1.4217,2.8289,0.0000,0.7072
4104.5607,1,0.2020,-2.4710,-0.2267,-1.1157,2.1954,1.4215,2.8233,0.0000,0.7058
4104.5773,1,0.2020,-2.4710,-0.2263,-1.1162,2.2082,1.4209,2.8105,0.0000,0.7026
4104.5940,1,0.2020,-2.4710,-0.2258,-1.1166,2.2206,1.4204,2.7977,0.0000,0.6994
4104.6107,1,0.2020,-2.4710,-0.2251,-1.1169,2.2396,1.4198,2.7784,0.0000,0.6946
4104.6274,1,0.2020,-2.4710,-0.2251,-1.1172,2.2457,1.4196,2.7722,0.0000,0.6931
4104.6441,1,0.2020,-2.4710,-0.2246,-1.1175,2.2583,1.4191,2.7595,0.0000,0.6899
4104.6608,1,0.2020,-2.4710,-0.2235,-1.1178,2.2759,1.4186,2.7411,0.0000,0.6853
4104.6774,1,0.2020,-2.4710,-0.2232,-1.1178,2.2816,1.4184,2.7353,0.0000,0.6838
4104.6940,1,0.2020,-2.4710,-0.2228,-1.1181,2.2945,1.4180,2.7222,0.0000,0.6805
4104.7107,1,0.2020,-2.4710,-0.2223,-1.1183,2.3064,1.4177,2.7100,0.0000,0.6775
4104.7275,1,0.2020,-2.4710,-0.2217,-1.1184,2.3190,1.4174,2.6970,0.0000,0.6742
4104.7443,1,0.2020,-2.4710,-0.2214,-1.1189,2.3316,1.4169,2.6843,0.0000,0.6711
4104.7608,1,0.2020,-2.4710,-0.2211,-1.1194,2.3431,1.4163,2.6727,0.0000,0.6682
4104.7774,1,0.2020,-2.4710,-0.2209,-1.1199,2.3549,1.4158,2.6608,0.0000,0.6652
4104.7940,1,0.2020,-2.4710,-0.2211,-1.1207,2.3665,1.4150,2.6495,0.0000,0.6624
4104.8107,1,0.2020,-2.4710,-0.2203,-1.1209,2.3794,1.4146,2.6361,0.0000,0.6590
4104.8274,1,0.2020,-2.4710,-0.2207,-1.1219,2.3901,1.4138,2.6259,0.0000,0.6565
4104.8440,1,0.2020,-2.4710,-0.2202,-1.1224,2.4031,1.4132,2.6126,0.0000,0.6532
4104.8607,1,0.2020,-2.4710,-0.2196,-1.1226,2.4150,1.4128,2.6004,0.0000,0.6501
4104.8773,1,0.2020,-2.4710,-0.2201,-1.1233,2.4260,1.4122,2.5900,0.0000,0.6475
4104.8940,1,0.2020,-2.4710,-0.2199,-1.1236,2.4384,1.4119,2.5774,0.0000,0.6443
4104.9107,1,0.2020,-2.4710,-0.2200,-1.1242,2.4504,1.4114,2.5656,0.0000,0.6414
4104.9274,1,0.2020,-2.4710,-0.2195,-1.1245,2.4628,1.4110,2.5529,0.0000,0.6382
4104.9440,1,0.2020,-2.4710,-0.2190,-1.1249,2.4746,1.4104,2.5409,0.0000,0.6352
4104.9607,1,0.2020,-2.4710,-0.2190,-1.1257,2.4855,1.4097,2.5302,0.0000,0.6326
4104.9774,1,0.2020,-2.4710,-0.2186,-1.1261,2.4973,1.4091,2.5182,0.0000,0.6295
4104.9940,1,0.2020,-2.4710,-0.2181,-1.1265,2.5092,1.4086,2.5060,0.0000,0.6265
4105.0107,1,0.2020,-2.4710,-0.2179,-1.1271,2.5204,1.4079,2.4948,0.0000,0.6237
4105.0274,1,0.2020,-2.4710,-0.2173,-1.1274,2.5322,1.4075,2.4827,0.0000,0.6207
4105.0441,1,0.2020,-2.4710,-0.2169,-1.1277,2.5432,1.4071,2.4714,0.0000,0.6179
4105.0607,1,0.2020,-2.4710,-0.2166,-1.1280,2.5542,1.4067,2.4603,0.0000,0.6151
4105.0774,1,0.2020,-2.4710,-0.2163,-1.1283,2.5650,1.4064,2.4494,0.0000,0.6124
4105.0940,1,0.2020,-2.4710,-0.2160,-1.1285,2.5759,1.4061,2.4383,0.0000,0.6096
4105.1107,1,0.2020,-2.4710,-0.2158,-1.1286,2.5871,1.4059,2.4270,0.0000,0.6067
4105.1274,1,0.2020,-2.4710,-0.2145,-1.1286,2.6043,1.4055,2.4089,0.0000,0.6022
4105.1440,1,0.2020,-2.4710,-0.2141,-1.1287,2.6097,1.4053,2.4033,0.0000,0.6008
4105.1607,1,0.2020,-2.4710,-0.2131,-1.1292,2.6189,1.4045,2.3935,0.0000,0.5984
4105.1773,1,0.2020,-2.4710,-0.2127,-1.1294,2.6290,1.4042,2.3832,0.0000,0.5958
4105.1940,1,0.2020,-2.4710,-0.2124,-1.1293,2.6398,1.4042,2.3722,0.0000,0.5930
4105.2107,1,0.2020,-2.4710,-0.2117,-1.1294,2.6501,1.4039,2.3614,0.0000,0.5904
4105.2273,1,0.2020,-2.4710,-0.2109,-1.1294,2.6604,1.4037,2.3506,0.0000,0.5876
4105.2440,1,0.2020,-2.4710,-0.2105,-1.1296,2.6699,1.4034,2.3408,0.0000,0.5852
4105.2607,1,0.2020,-2.4710,-0.2100,-1.1299,2.6800,1.4030,2.3304,0.0000,0.5826
4105.2773,1,0.2020,-2.4710,-0.2097,-1.1302,2.6901,1.4026,2.3202,0.0000,0.5800
4105.2940,1,0.2020,-2.4710,-0.2095,-1.1304,2.7006,1.4023,2.3096,0.0000,0.5774
4105.3107,1,0.2020,-2.4710,-0.2093,-1.1307,2.7112,1.4020,2.2989,0.0000,0.5747
4105.3273,1,0.2020,-2.4710,-0.2086,-1.1311,2.7213,1.4014,2.2885,0.0000,0.5721
4105.3440,1,0.2020,-2.4710,-0.2085,-1.1313,2.7316,1.4011,2.2782,0.0000,0.5695
4105.3607,1,0.2020,-2.4710,-0.2080,-1.1315,2.7421,1.4008,2.2673,0.0000,0.5668
4105.3773,1,0.2020,-2.4710,-0.2077,-1.1321,2.7519,1.4002,2.2575,0.0000,0.5644
4105.3940,1,0.2020,-2.4710,-0.2074,-1.1327,2.7615,1.3995,2.2477,0.0000,0.5619
4105.4107,1,0.2020,-2.4710,-0.2068,-1.1329,2.7782,1.3991,2.2307,0.0000,0.5577
4105.4273,1,0.2020,-2.4710,-0.2067,-1.1332,2.7832,1.3988,2.2256,0.0000,0.5564
4105.4440,1,0.2020,-2.4710,-0.2063,-1.1337,2.7933,1.3982,2.2154,0.0000,0.5539
4105.4607,1,0.2020,-2.4710,-0.2057,-1.1342,2.8034,1.3976,2.2051,0.0000,0.5513
4105.4773,1,0.2020,-2.4710,-0.2052,-1.1348,2.8135,1.3969,2.1946,0.0000,0.5487
4105.4940,1,0.2020,-2.4710,-0.2047,-1.1353,2.8239,1.3963,2.1841,0.0000,0.5460
4105.5107,1,0.2020,-2.4710,-0.2042,-1.1358,2.8344,1.3956,2.1733,0.0000,0.5433
4105.5273,1,0.2020,-2.4710,-0.2039,-1.1365,2.8447,1.3949,2.1629,0.0000,0.5407
4105.5440,1,0.2020,-2.4710,-0.2036,-1.1371,2.8547,1.3942,2.1528,0.0000,0.5382
4105.5607,1,0.2020,-2.4710,-0.2030,-1.1374,2.8648,1.3937,2.1424,0.0000,0.5356
4105.5773,1,0.2020,-2.4710,-0.2030,-1.1388,2.8789,1.3924,2.1287,0.0000,0.5322
4105.5940,1,0.2020,-2.4710,-0.2028,-1.1392,2.8839,1.3920,2.1235,0.0000,0.5309
4105.6107,1,0.2020,-2.4710,-0.2019,-1.1395,2.8944,1.3914,2.1125,0.0000,0.5281
4105.6273,1,0.2020,-2.4710,-0.2011,-1.1401,2.9051,1.3906,2.1014,0.0000,0.5254
4105.6440,1,0.2020,-2.4710,-0.2006,-1.1410,2.9145,1.3895,2.0918,0.0000,0.5229
4105.6607,1,0.2020,-2.4710,-0.1998,-1.1418,2.9247,1.3886,2.0813,0.0000,0.5203
4105.6775,1,0.2020,-2.4710,-0.1990,-1.1432,2.9395,1.3870,2.0661,0.0000,0.5165
4105.6940,1,0.2020,-2.4710,-0.1987,-1.1437,2.9447,1.3865,2.0609,0.0000,0.5152
4105.7107,1,0.2020,-2.4710,-0.1983,-1.1449,2.9542,1.3852,2.0514,0.0000,0.5129
4105.7274,1,0.2020,-2.4710,-0.1980,-1.1460,2.9640,1.3841,2.0416,0.0000,0.5104
4105.7440,1,0.2020,-2.4710,-0.1969,-1.1464,2.9754,1.3834,2.0295,0.0000,0.5074
4105.7607,1,0.2020,-2.4710,-0.1963,-1.1472,2.9861,1.3824,2.0186,0.0000,0.5046
4105.7773,1,0.2020,-2.4710,-0.1959,-1.1480,2.9969,1.3815,2.0076,0.0000,0.5019
4105.7940,1,0.2020,-2.4710,-0.1955,-1.1487,3.0077,1.3807,1.9967,0.0000,0.4992
4105.8107,1,0.2020,-2.4710,-0.1955,-1.1498,3.0180,1.3797,1.9866,0.0000,0.4967
4105.8273,1,0.2020,-2.4710,-0.1953,-1.1504,3.0284,1.3790,1.9762,0.0000,0.4940
4105.8442,1,0.2020,-2.4710,-0.1956,-1.1516,3.0385,1.3780,1.9665,0.0000,0.4916
4105.8609,1,0.2020,-2.4710,-0.1951,-1.1521,3.0494,1.3773,1.9554,0.0000,0.4889
4105.8774,1,0.2020,-2.4710,-0.1946,-1.1525,3.0598,1.3768,1.9448,0.0000,0.4862
4105.8940,1,0.2020,-2.4710,-0.1943,-1.1533,3.0690,1.3760,1.9355,0.0000,0.4839
4105.9107,1,0.2020,-2.4710,-0.1943,-1.1541,3.0775,1.3752,1.9272,0.0000,0.4818
4105.9274,1,0.2020,-2.4710,-0.1935,-1.1545,3.0868,1.3746,1.9174,0.0000,0.4794
4105.9440,1,0.2020,-2.4710,-0.1931,-1.1555,3.0956,1.3736,1.9086,0.0000,0.4771
4105.9607,1,0.2020,-2.4710,-0.1923,-1.1558,3.1054,1.3730,1.8983,0.0000,0.4746
4105.9774,1,0.2020,-2.4710,-0.1916,-1.1564,3.1147,1.3723,1.8886,0.0000,0.4722
4105.9940,1,0.2020,-2.4710,-0.1909,-1.1569,3.1237,1.3716,1.8792,0.0000,0.4698
4106.0107,1,0.2020,-2.4710,-0.1902,-1.1574,3.1328,1.3709,1.8698,0.0000,0.4674
4106.0274,1,0.2020,-2.4710,-0.1894,-1.1578,-3.1411,1.3703,1.8600,0.0000,0.4650
4106.0440,1,0.2020,-2.4710,-0.1888,-1.1582,-3.1320,1.3697,1.8505,0.0000,0.4626
4106.0607,1,0.2020,-2.4710,-0.1882,-1.1587,-3.1231,1.3690,1.8413,0.0000,0.4603
4106.0774,1,0.2020,-2.4710,-0.1876,-1.1592,-3.1148,1.3684,1.8327,0.0000,0.4582
4106.0940,1,0.2020,-2.4710,-0.1870,-1.1597,-3.1064,1.3678,1.8240,0.0000,0.4560
4106.1107,1,0.2020,-2.4710,-0.1864,-1.1601,-3.0980,1.3672,1.8153,0.0000,0.4538
4106.1273,1,0.2020,-2.4710,-0.1860,-1.1604,-3.0896,1.3668,1.8066,0.0000,0.4517
4106.1440,1,0.2020,-2.4710,-0.1857,-1.1609,-3.0813,1.3663,1.7982,0.0000,0.4495
4106.1607,1,0.2020,-2.4710,-0.1847,-1.1611,-3.0688,1.3658,1.7851,0.0000,0.4463
4106.1774,1,0.2020,-2.4710,-0.1845,-1.1612,-3.0647,1.3656,1.7808,0.0000,0.4452
4106.1940,1,0.2020,-2.4710,-0.1841,-1.1617,-3.0569,1.3650,1.7729,0.0000,0.4432
4106.2108,1,0.2020,-2.4710,-0.1837,-1.1619,-3.0484,1.3648,1.7641,0.0000,0.4410
4106.2274,1,0.2020,-2.4710,-0.1832,-1.1621,-3.0403,1.3645,1.7557,0.0000,0.4389
4106.2442,1,0.2020,-2.4710,-0.1830,-1.1625,-3.0329,1.3640,1.7482,0.0000,0.4370
4106.2608,1,0.2020,-2.4710,-0.1825,-1.1624,-3.0252,1.3639,1.7402,0.0000,0.4350
4106.2776,1,0.2020,-2.4710,-0.1816,-1.1618,-3.0135,1.3642,1.7278,0.0000,0.4319
4106.2942,1,0.2020,-2.4710,-0.1816,-1.1620,-3.0100,1.3641,1.7242,0.0000,0.4311
4106.3107,1,0.2020,-2.4710,-0.1811,-1.1615,-3.0024,1.3644,1.7162,0.0000,0.4290
4106.3274,1,0.2020,-2.4710,-0.1810,-1.1614,-2.9950,1.3645,1.7088,0.0000,0.4272
4106.3441,1,0.2020,-2.4710,-0.1810,-1.1611,-2.9878,1.3647,1.7014,0.0000,0.4254
4106.3609,1,0.2020,-2.4710,-0.1807,-1.1604,-2.9805,1.3653,1.6938,0.0000,0.4235
4106.3774,1,0.2020,-2.4710,-0.1809,-1.1602,-2.9736,1.3656,1.6871,0.0000,0.4218
4106.3940,1,0.2020,-2.4710,-0.1809,-1.1596,-2.9663,1.3662,1.6796,0.0000,0.4199
4106.4107,1,0.2020,-2.4710,-0.1810,-1.1591,-2.9590,1.3667,1.6722,0.0000,0.4181
4106.4274,1,0.2020,-2.4710,-0.1815,-1.1587,-2.9483,1.3672,1.6618,0.0000,0.4154
4106.4440,1,0.2020,-2.4710,-0.1818,-1.1586,-2.9447,1.3674,1.6584,0.0000,0.4146
4106.4607,1,0.2020,-2.4710,-0.1818,-1.1581,-2.9373,1.3679,1.6510,0.0000,0.4127
4106.4774,1,0.2020,-2.4710,-0.1821,-1.1577,-2.9301,1.3683,1.6438,0.0000,0.4110
4106.4940,1,0.2020,-2.4710,-0.1825,-1.1578,-2.9233,1.3684,1.6373,0.0000,0.4093
4106.5107,1,0.2020,-2.4710,-0.1828,-1.1574,-2.9163,1.3688,1.6305,0.0000,0.4076
4106.5274,1,0.2020,-2.4710,-0.1830,-1.1569,-2.9060,1.3693,1.6202,0.0000,0.4050
4106.5440,1,0.2020,-2.4710,-0.1832,-1.1568,-2.9025,1.3695,1.6168,0.0000,0.4042
4106.5608,1,0.2020,-2.4710,-0.1830,-1.1562,-2.8954,1.3700,1.6095,0.0000,0.4024
4106.5773,1,0.2020,-2.4710,-0.1831,-1.1559,-2.8885,1.3703,1.6025,0.0000,0.4006
4106.5941,1,0.2020,-2.4710,-0.1831,-1.1555,-2.8815,1.3707,1.5955,0.0000,0.3989
4106.6107,1,0.2020,-2.4710,-0.1834,-1.1553,-2.8744,1.3709,1.5885,0.0000,0.3971
4106.6273,1,0.2020,-2.4710,-0.1831,-1.1549,-2.8679,1.3713,1.5818,0.0000,0.3954
4106.6441,1,0.2020,-2.4710,-0.1832,-1.1547,-2.8579,1.3715,1.5719,0.0000,0.3930
4106.6607,1,0.2020,-2.4710,-0.1832,-1.1547,-2.8545,1.3715,1.5684,0.0000,0.3921
4106.6773,1,0.2020,-2.4710,-0.1832,-1.1544,-2.8479,1.3718,1.5618,0.0000,0.3904
4106.6940,1,0.2020,-2.4710,-0.1831,-1.1539,-2.8412,1.3722,1.5548,0.0000,0.3887
4106.7107,1,0.2020,-2.4710,-0.1830,-1.1538,-2.8350,1.3724,1.5485,0.0000,0.3871
4106.7273,1,0.2020,-2.4710,-0.1829,-1.1534,-2.8282,1.3727,1.5417,0.0000,0.3854
4106.7440,1,0.2020,-2.4710,-0.1827,-1.1530,-2.8213,1.3730,1.5345,0.0000,0.3836
4106.7607,1,0.2020,-2.4710,-0.1827,-1.1522,-2.8136,1.3737,1.5266,0.0000,0.3817
4106.7773,1,0.2020,-2.4710,-0.1826,-1.1519,-2.8066,1.3740,1.5195,0.0000,0.3799
4106.7940,1,0.2020,-2.4710,-0.1826,-1.1518,-2.8000,1.3741,1.5129,0.0000,0.3782
4106.8107,1,0.2020,-2.4710,-0.1825,-1.1515,-2.7929,1.3744,1.5057,0.0000,0.3764
4106.8273,1,0.2020,-2.4710,-0.1827,-1.1516,-2.7866,1.3744,1.4995,0.0000,0.3749
4106.8440,1,0.2020,-2.4710,-0.1827,-1.1514,-2.7802,1.3745,1.4931,0.0000,0.3733
4106.8607,1,0.2020,-2.4710,-0.1828,-1.1511,-2.7737,1.3748,1.4865,0.0000,0.3716
4106.8774,1,0.2020,-2.4710,-0.1825,-1.1507,-2.7677,1.3752,1.4803,0.0000,0.3701
4106.8940,1,0.2020,-2.4710,-0.1828,-1.1504,-2.7613,1.3755,1.4740,0.0000,0.3685
4106.9107,1,0.2020,-2.4710,-0.1828,-1.1504,-2.7548,1.3756,1.4676,0.0000,0.3669
4106.9274,1,0.2020,-2.4710,-0.1827,-1.1504,-2.7489,1.3755,1.4616,0.0000,0.3654
4106.9440,1,0.2020,-2.4710,-0.1826,-1.1496,-2.7416,1.3762,1.4541,0.0000,0.3635
4106.9607,1,0.2020,-2.4710,-0.1823,-1.1490,-2.7369,1.3767,1.4490,0.0000,0.3622
4106.9774,1,0.2020,-2.4710,-0.1823,-1.1488,-2.7306,1.3769,1.4426,0.0000,0.3607
4106.9940,1,0.2020,-2.4710,-0.1824,-1.1485,-2.7237,1.3773,1.4358,0.0000,0.3590
4107.0109,1,0.2020,-2.4710,-0.1824,-1.1484,-2.7178,1.3773,1.4298,0.0000,0.3575
4107.0273,1,0.2020,-2.4710,-0.1825,-1.1485,-2.7118,1.3773,1.4239,0.0000,0.3560
4107.0440,1,0.2020,-2.4710,-0.1825,-1.1485,-2.7063,1.3773,1.4184,0.0000,0.3546
4107.0607,1,0.2020,-2.4710,-0.1826,-1.1482,-2.7000,1.3776,1.4121,0.0000,0.3530
4107.0773,1,0.2020,-2.4710,-0.1825,-1.1475,-2.6936,1.3782,1.4056,0.0000,0.3514
4107.0941,1,0.2020,-2.4710,-0.1828,-1.1471,-2.6875,1.3787,1.3995,0.0000,0.3499
4107.1107,1,0.2020,-2.4710,-0.1828,-1.1473,-2.6823,1.3785,1.3944,0.0000,0.3486
4107.1274,1,0.2020,-2.4710,-0.1828,-1.1471,-2.6764,1.3787,1.3885,0.0000,0.3471
4107.1440,1,0.2020,-2.4710,-0.1829,-1.1462,-2.6698,1.3795,1.3817,0.0000,0.3454
4107.1607,1,0.2020,-2.4710,-0.1828,-1.1459,-2.6638,1.3798,1.3756,0.0000,0.3439
4107.1773,1,0.2020,-2.4710,-0.1829,-1.1456,-2.6576,1.3802,1.3695,0.0000,0.3424
4107.1940,1,0.2020,-2.4710,-0.1831,-1.1457,-2.6522,1.3801,1.3641,0.0000,0.3410
4107.2107,1,0.2020,-2.4710,-0.1831,-1.1454,-2.6461,1.3804,1.3580,0.0000,0.3395
4107.2274,1,0.2020,-2.4710,-0.1830,-1.1444,-2.6397,1.3813,1.3514,0.0000,0.3378
4107.2440,1,0.2020,-2.4710,-0.1831,-1.1449,-2.6349,1.3809,1.3467,0.0000,0.3367
4107.2607,1,0.2020,-2.4710,-0.1832,-1.1448,-2.6294,1.3810,1.3412,0.0000,0.3353
4107.2774,1,0.2020,-2.4710,-0.1832,-1.1446,-2.6237,1.3812,1.3355,0.0000,0.3339
4107.2940,1,0.2020,-2.4710,-0.1832,-1.1439,-2.6172,1.3819,1.3289,0.0000,0.3322
4107.3107,1,0.2020,-2.4710,-0.1832,-1.1438,-2.6114,1.3820,1.3231,0.0000,0.3308
4107.3274,1,0.2020,-2.4710,-0.1833,-1.1443,-2.6061,1.3815,1.3180,0.0000,0.3295
4107.3440,1,0.2020,-2.4710,-0.1833,-1.1443,-2.6000,1.3815,1.3118,0.0000,0.3280
4107.3607,1,0.2020,-2.4710,-0.1831,-1.1439,-2.5933,1.3819,1.3049,0.0000,0.3262
4107.3773,1,0.2020,-2.4710,-0.1831,-1.1438,-2.5870,1.3819,1.2986,0.0000,0.3246
4107.3940,1,0.2020,-2.4710,-0.1832,-1.1444,-2.5818,1.3814,1.2936,0.0000,0.3234
4107.4107,1,0.2020,-2.4710,-0.1831,-1.1443,-2.5756,1.3815,1.2873,0.0000,0.3218
4107.4274,1,0.2020,-2.4710,-0.1833,-1.1446,-2.5701,1.3813,1.2820,0.0000,0.3205
4107.4440,1,0.2020,-2.4710,-0.1835,-1.1446,-2.5646,1.3813,1.2766,0.0000,0.3191
4107.4607,1,0.2020,-2.4710,-0.1837,-1.1444,-2.5566,1.3815,1.2688,0.0000,0.3172
4107.4773,1,0.2020,-2.4710,-0.1838,-1.1443,-2.5541,1.3816,1.2662,0.0000,0.3166
4107.4940,1,0.2020,-2.4710,-0.1840,-1.1442,-2.5488,1.3818,1.2611,0.0000,0.3153
4107.5107,1,0.2020,-2.4710,-0.1841,-1.1437,-2.5432,1.3823,1.2555,0.0000,0.3139
4107.5273,1,0.2020,-2.4710,-0.1842,-1.1434,-2.5378,1.3827,1.2501,0.0000,0.3125
4107.5440,1,0.2020,-2.4710,-0.1846,-1.1435,-2.5326,1.3827,1.2452,0.0000,0.3113
4107.5607,1,0.2020,-2.4710,-0.1849,-1.1433,-2.5271,1.3829,1.2398,0.0000,0.3100
4107.5774,1,0.2020,-2.4710,-0.1849,-1.1429,-2.5214,1.3833,1.2341,0.0000,0.3085
4107.5940,1,0.2020,-2.4710,-0.1852,-1.1429,-2.5160,1.3834,1.2290,0.0000,0.3072
4107.6107,1,0.2020,-2.4710,-0.1854,-1.1427,-2.5105,1.3836,1.2235,0.0000,0.3059
4107.6274,1,0.2020,-2.4710,-0.1854,-1.1423,-2.5051,1.3840,1.2180,0.0000,0.3045
4107.6440,1,0.2020,-2.4710,-0.1856,-1.1422,-2.5000,1.3842,1.2130,0.0000,0.3033
4107.6607,1,0.2020,-2.4710,-0.1857,-1.1421,-2.4927,1.3843,1.2058,0.0000,0.3014
4107.6774,1,0.2020,-2.4710,-0.1858,-1.1420,-2.4901,1.3845,1.2032,0.0000,0.3008
4107.6940,1,0.2020,-2.4710,-0.1859,-1.1418,-2.4851,1.3846,1.1982,0.0000,0.2995
4107.7107,1,0.2020,-2.4710,-0.1860,-1.1417,-2.4800,1.3848,1.1932,0.0000,0.2983
4107.7273,1,0.2020,-2.4710,-0.1859,-1.1413,-2.4748,1.3851,1.1879,0.0000,0.2970
4107.7440,1,0.2020,-2.4710,-0.1861,-1.1412,-2.4697,1.3853,1.1829,0.0000,0.2957
4107.7607,1,0.2020,-2.4710,-0.1862,-1.1411,-2.4645,1.3854,1.1777,0.0000,0.2944
4107.7774,1,0.2020,-2.4710,-0.1864,-1.1409,-2.4593,1.3857,1.1726,0.0000,0.2931
4107.7940,1,0.2020,-2.4710,-0.1865,-1.1405,-2.4541,1.3860,1.1674,0.0000,0.2919
4107.8107,1,0.2020,-2.4710,-0.1868,-1.1406,-2.4491,1.3861,1.1627,0.0000,0.2907
4107.8273,1,0.2020,-2.4710,-0.1870,-1.1404,-2.4438,1.3863,1.1574,0.0000,0.2894
4107.8440,1,0.2020,-2.4710,-0.1869,-1.1400,-2.4386,1.3867,1.1521,0.0000,0.2880
4107.8607,1,0.2020,-2.4710,-0.1871,-1.1398,-2.4337,1.3869,1.1473,0.0000,0.2868
4107.8773,1,0.2020,-2.4710,-0.1874,-1.1399,-2.4290,1.3869,1.1428,0.0000,0.2857
4107.8940,1,0.2020,-2.4710,-0.1876,-1.1396,-2.4241,1.3872,1.1380,0.0000,0.2845
4107.9107,1,0.2020,-2.4710,-0.1878,-1.1395,-2.4196,1.3874,1.1336,0.0000,0.2834
4107.9273,1,0.2020,-2.4710,-0.1879,-1.1393,-2.4150,1.3876,1.1291,0.0000,0.2823
4107.9440,1,0.2020,-2.4710,-0.1881,-1.1391,-2.4104,1.3879,1.1246,0.0000,0.2811
4107.9607,1,0.2020,-2.4710,-0.1883,-1.1390,-2.4058,1.3880,1.1201,0.0000,0.2800
4107.9775,1,0.2020,-2.4710,-0.1884,-1.1388,-2.4012,1.3882,1.1155,0.0000,0.2789
4107.9940,1,0.2020,-2.4710,-0.1884,-1.1383,-2.3962,1.3888,1.1104,0.0000,0.2776
4108.0107,1,0.2020,-2.4710,-0.1888,-1.1385,-2.3917,1.3886,1.1062,0.0000,0.2765
4108.0274,1,0.2020,-2.4710,-0.1890,-1.1383,-2.3869,1.3888,1.1014,0.0000,0.2754
4108.0440,1,0.2020,-2.4710,-0.1891,-1.1382,-2.3821,1.3890,1.0968,0.0000,0.2742
4108.0607,1,0.2020,-2.4710,-0.1893,-1.1381,-2.3773,1.3891,1.0921,0.0000,0.2730
4108.0774,1,0.2020,-2.4710,-0.1895,-1.1380,-2.3724,1.3894,1.0873,0.0000,0.2718
4108.0940,1,0.2020,-2.4710,-0.1897,-1.1378,-2.3677,1.3895,1.0826,0.0000,0.2707
4108.1107,1,0.2020,-2.4710,-0.1899,-1.1377,-2.3630,1.3897,1.0780,0.0000,0.2695
4108.1273,1,0.2020,-2.4710,-0.1899,-1.1371,-2.3582,1.3903,1.0732,0.0000,0.2683
4108.1440,1,0.2020,-2.4710,-0.1902,-1.1372,-2.3540,1.3903,1.0692,0.0000,0.2673
4108.1607,1,0.2020,-2.4710,-0.1905,-1.1371,-2.3497,1.3904,1.0651,0.0000,0.2663
4108.1773,1,0.2020,-2.4710,-0.1906,-1.1370,-2.3454,1.3906,1.0608,0.0000,0.2652
4108.1940,1,0.2020,-2.4710,-0.1907,-1.1369,-2.3410,1.3907,1.0565,0.0000,0.2641
4108.2107,1,0.2020,-2.4710,-0.1908,-1.1368,-2.3366,1.3908,1.0521,0.0000,0.2630
4108.2273,1,0.2020,-2.4710,-0.1909,-1.1368,-2.3321,1.3908,1.0477,0.0000,0.2619
4108.2440,1,0.2020,-2.4710,-0.1909,-1.1369,-2.3276,1.3908,1.0432,0.0000,0.2608
4108.2607,1,0.2020,-2.4710,-0.1910,-1.1368,-2.3227,1.3908,1.0383,0.0000,0.2596
4108.2773,1,0.2020,-2.4710,-0.1909,-1.1368,-2.3179,1.3909,1.0335,0.0000,0.2584
4108.2940,1,0.2020,-2.4710,-0.1910,-1.1368,-2.3131,1.3908,1.0288,0.0000,0.2572
4108.3108,1,0.2020,-2.4710,-0.1908,-1.1365,-2.3082,1.3911,1.0236,0.0000,0.2559
4108.3274,1,0.2020,-2.4710,-0.1908,-1.1367,-2.3034,1.3910,1.0189,0.0000,0.2547
4108.3441,1,0.2020,-2.4710,-0.1909,-1.1370,-2.2986,1.3906,1.0142,0.0000,0.2535
4108.3607,1,0.2020,-2.4710,-0.1908,-1.1372,-2.2938,1.3905,1.0094,0.0000,0.2523
4108.3774,1,0.2020,-2.4710,-0.1908,-1.1371,-2.2887,1.3905,1.0043,0.0000,0.2511
4108.3940,1,0.2020,-2.4710,-0.1908,-1.1372,-2.2840,1.3904,0.9996,0.0000,0.2499
4108.4107,1,0.2020,-2.4710,-0.1908,-1.1373,-2.2799,1.3903,0.9955,0.0000,0.2489
4108.4274,1,0.2020,-2.4710,-0.1909,-1.1373,-2.2757,1.3904,0.9913,0.0000,0.2478
4108.4440,1,0.2020,-2.4710,-0.1907,-1.1369,-2.2713,1.3907,0.9867,0.0000,0.2467
4108.4607,1,0.2020,-2.4710,-0.1909,-1.1373,-2.2673,1.3903,0.9830,0.0000,0.2457
4108.4773,1,0.2020,-2.4710,-0.1910,-1.1375,-2.2632,1.3902,0.9790,0.0000,0.2448
4108.4941,1,0.2020,-2.4710,-0.1911,-1.1374,-2.2588,1.3903,0.9746,0.0000,0.2437
4108.5107,1,0.2020,-2.4710,-0.1911,-1.1376,-2.2545,1.3901,0.9704,0.0000,0.2426
4108.5273,1,0.2020,-2.4710,-0.1912,-1.1377,-2.2502,1.3900,0.9661,0.0000,0.2415
4108.5440,1,0.2020,-2.4710,-0.1911,-1.1379,-2.2456,1.3899,0.9616,0.0000,0.2404
4108.5607,1,0.2020,-2.4710,-0.1911,-1.1380,-2.2411,1.3898,0.9571,0.0000,0.2393
4108.5774,1,0.2020,-2.4710,-0.1910,-1.1382,-2.2367,1.3896,0.9527,0.0000,0.2382
4108.5940,1,0.2020,-2.4710,-0.1910,-1.1383,-2.2323,1.3895,0.9482,0.0000,0.2371
4108.6107,1,0.2020,-2.4710,-0.1909,-1.1384,-2.2280,1.3893,0.9440,0.0000,0.2360
4108.6274,1,0.2020,-2.4710,-0.1907,-1.1381,-2.2237,1.3895,0.9395,0.0000,0.2349
4108.6440,1,0.2020,-2.4710,-0.1907,-1.1383,-2.2197,1.3893,0.9354,0.0000,0.2339
4108.6607,1,0.2020,-2.4710,-0.1908,-1.1385,-2.2156,1.3891,0.9315,0.0000,0.2329
4108.6773,1,0.2020,-2.4710,-0.1908,-1.1386,-2.2116,1.3891,0.9275,0.0000,0.2319
4108.6940,1,0.2020,-2.4710,-0.1909,-1.1387,-2.2077,1.3890,0.9237,0.0000,0.2309
4108.7107,1,0.2020,-2.4710,-0.1910,-1.1389,-2.2039,1.3889,0.9199,0.0000,0.2300
4108.7274,1,0.2020,-2.4710,-0.1911,-1.1390,-2.1999,1.3888,0.9161,0.0000,0.2290
4108.7440,1,0.2020,-2.4710,-0.1913,-1.1394,-2.1961,1.3885,0.9125,0.0000,0.2281
4108.7607,1,0.2020,-2.4710,-0.1915,-1.1395,-2.1923,1.3884,0.9088,0.0000,0.2272
4108.7773,1,0.2020,-2.4710,-0.1916,-1.1396,-2.1883,1.3883,0.9049,0.0000,0.2262
4108.7940,1,0.2020,-2.4710,-0.1916,-1.1396,-2.1842,1.3884,0.9009,0.0000,0.2252
4108.8107,1,0.2020,-2.4710,-0.1917,-1.1396,-2.1803,1.3884,0.8970,0.0000,0.2242
4108.8274,1,0.2020,-2.4710,-0.1918,-1.1396,-2.1763,1.3884,0.8930,0.0000,0.2233
4108.8440,1,0.2020,-2.4710,-0.1918,-1.1396,-2.1724,1.3884,0.8891,0.0000,0.2223
4108.8607,1,0.2020,-2.4710,-0.1918,-1.1396,-2.1684,1.3884,0.8852,0.0000,0.2213
4108.8774,1,0.2020,-2.4710,-0.1918,-1.1395,-2.1642,1.3885,0.8810,0.0000,0.2202
4108.8941,1,0.2020,-2.4710,-0.1918,-1.1396,-2.1603,1.3884,0.8771,0.0000,0.2193
4108.9107,1,0.2020,-2.4710,-0.1918,-1.1397,-2.1545,1.3883,0.8713,0.0000,0.2178
4108.9274,1,0.2020,-2.4710,-0.1918,-1.1397,-2.1526,1.3883,0.8693,0.0000,0.2173
4108.9440,1,0.2020,-2.4710,-0.1918,-1.1397,-2.1486,1.3883,0.8654,0.0000,0.2163
4108.9607,1,0.2020,-2.4710,-0.1919,-1.1398,-2.1449,1.3882,0.8618,0.0000,0.2154
4108.9774,1,0.2020,-2.4710,-0.1919,-1.1399,-2.1414,1.3882,0.8583,0.0000,0.2146
4108.9940,1,0.2020,-2.4710,-0.1920,-1.1399,-2.1380,1.3882,0.8549,0.0000,0.2137
4109.0107,1,0.2020,-2.4710,-0.1922,-1.1399,-2.1344,1.3882,0.8515,0.0000,0.2129
4109.0274,1,0.2020,-2.4710,-0.1923,-1.1399,-2.1309,1.3882,0.8481,0.0000,0.2120
4109.0440,1,0.2020,-2.4710,-0.1924,-1.1399,-2.1275,1.3883,0.8447,0.0000,0.2112
4109.0607,1,0.2020,-2.4710,-0.1925,-1.1399,-2.1241,1.3884,0.8414,0.0000,0.2104
4109.0773,1,0.2020,-2.4710,-0.1927,-1.1398,-2.1206,1.3884,0.8381,0.0000,0.2095
4109.0940,1,0.2020,-2.4710,-0.1928,-1.1398,-2.1172,1.3885,0.8347,0.0000,0.2087
4109.1107,1,0.2020,-2.4710,-0.1930,-1.1397,-2.1136,1.3886,0.8312,0.0000,0.2078
4109.1274,1,0.2020,-2.4710,-0.1931,-1.1396,-2.1101,1.3888,0.8278,0.0000,0.2070
4109.1440,1,0.2020,-2.4710,-0.1932,-1.1394,-2.1067,1.3890,0.8244,0.0000,0.2061
4109.1607,1,0.2020,-2.4710,-0.1932,-1.1390,-2.1032,1.3894,0.8209,0.0000,0.2052
4109.1774,1,0.2020,-2.4710,-0.1933,-1.1388,-2.1000,1.3896,0.8177,0.0000,0.2044
4109.1940,1,0.2020,-2.4710,-0.1936,-1.1387,-2.0964,1.3897,0.8142,0.0000,0.2036
4109.2107,1,0.2020,-2.4710,-0.1937,-1.1384,-2.0929,1.3901,0.8108,0.0000,0.2027
4109.2274,1,0.2020,-2.4710,-0.1938,-1.1382,-2.0896,1.3903,0.8074,0.0000,0.2019
4109.2440,1,0.2020,-2.4710,-0.1939,-1.1380,-2.0860,1.3905,0.8040,0.0000,0.2010
4109.2607,1,0.2020,-2.4710,-0.1941,-1.1377,-2.0824,1.3909,0.8004,0.0000,0.2001
4109.2774,1,0.2020,-2.4710,-0.1943,-1.1375,-2.0788,1.3911,0.7969,0.0000,0.1992
4109.2940,1,0.2020,-2.4710,-0.1944,-1.1373,-2.0756,1.3914,0.7937,0.0000,0.1984
4109.3107,1,0.2020,-2.4710,-0.1947,-1.1370,-2.0721,1.3917,0.7903,0.0000,0.1976
4109.3274,1,0.2020,-2.4710,-0.1950,-1.1368,-2.0688,1.3920,0.7872,0.0000,0.1968
4109.3440,1,0.2020,-2.4710,-0.1952,-1.1365,-2.0656,1.3924,0.7841,0.0000,0.1960
4109.3607,1,0.2020,-2.4710,-0.1956,-1.1363,-2.0626,1.3927,0.7813,0.0000,0.1953
4109.3773,1,0.2020,-2.4710,-0.1958,-1.1360,-2.0596,1.3930,0.7784,0.0000,0.1946
4109.3940,1,0.2020,-2.4710,-0.1960,-1.1357,-2.0568,1.3933,0.7757,0.0000,0.1939
4109.4107,1,0.2020,-2.4710,-0.1962,-1.1349,-2.0522,1.3942,0.7710,0.0000,0.1928
4109.4274,1,0.2020,-2.4710,-0.1962,-1.1347,-2.0505,1.3944,0.7694,0.0000,0.1923
4109.4440,1,0.2020,-2.4710,-0.1967,-1.1346,-2.0459,1.3946,0.7650,0.0000,0.1912
4109.4607,1,0.2020,-2.4710,-0.1968,-1.1345,-2.0443,1.3948,0.7634,0.0000,0.1909
4109.4774,1,0.2020,-2.4710,-0.1968,-1.1340,-2.0394,1.3952,0.7585,0.0000,0.1896
4109.4940,1,0.2020,-2.4710,-0.1969,-1.1337,-2.0363,1.3955,0.7554,0.0000,0.1888
4109.5107,1,0.2020,-2.4710,-0.1969,-1.1336,-2.0347,1.3956,0.7538,0.0000,0.1884
4109.5274,1,0.2020,-2.4710,-0.1970,-1.1334,-2.0315,1.3959,0.7505,0.0000,0.1876
4109.5440,1,0.2020,-2.4710,-0.1970,-1.1331,-2.0283,1.3961,0.7474,0.0000,0.1868
4109.5607,1,0.2020,-2.4710,-0.1971,-1.1330,-2.0252,1.3962,0.7443,0.0000,0.1861
4109.5774,1,0.2020,-2.4710,-0.1972,-1.1328,-2.0221,1.3965,0.7412,0.0000,0.1853
4109.5940,1,0.2020,-2.4710,-0.1974,-1.1326,-2.0189,1.3967,0.7381,0.0000,0.1845
4109.6107,1,0.2020,-2.4710,-0.1975,-1.1325,-2.0158,1.3969,0.7350,0.0000,0.1838
4109.6273,1,0.2020,-2.4710,-0.1978,-1.1323,-2.0125,1.3971,0.7319,0.0000,0.1830
4109.6440,1,0.2020,-2.4710,-0.1980,-1.1322,-2.0094,1.3973,0.7290,0.0000,0.1822
4109.6607,1,0.2020,-2.4710,-0.1982,-1.1320,-2.0063,1.3975,0.7260,0.0000,0.1815
4109.6773,1,0.2020,-2.4710,-0.1985,-1.1317,-2.0032,1.3978,0.7230,0.0000,0.1807
4109.6940,1,0.2020,-2.4710,-0.1987,-1.1316,-2.0001,1.3980,0.7200,0.0000,0.1800
4109.7107,1,0.2020,-2.4710,-0.1990,-1.1316,-1.9975,1.3982,0.7175,0.0000,0.1794
4109.7273,1,0.2020,-2.4710,-0.1992,-1.1314,-1.9946,1.3984,0.7149,0.0000,0.1787
4109.7441,1,0.2020,-2.4710,-0.1994,-1.1312,-1.9920,1.3986,0.7123,0.0000,0.1781
4109.7607,1,0.2020,-2.4710,-0.1996,-1.1311,-1.9895,1.3988,0.7099,0.0000,0.1775
4109.7774,1,0.2020,-2.4710,-0.1998,-1.1308,-1.9869,1.3992,0.7074,0.0000,0.1768
4109.7940,1,0.2020,-2.4710,-0.1999,-1.1304,-1.9840,1.3996,0.7045,0.0000,0.1761
4109.8107,1,0.2020,-2.4710,-0.2002,-1.1305,-1.9812,1.3995,0.7019,0.0000,0.1755
4109.8275,1,0.2020,-2.4710,-0.2004,-1.1303,-1.9785,1.3997,0.6993,0.0000,0.1748
4109.8441,1,0.2020,-2.4710,-0.2006,-1.1300,-1.9754,1.4001,0.6963,0.0000,0.1741
4109.8607,1,0.2020,-2.4710,-0.2007,-1.1299,-1.9726,1.4003,0.6935,0.0000,0.1734
4109.8774,1,0.2020,-2.4710,-0.2008,-1.1297,-1.9697,1.4005,0.6907,0.0000,0.1727
4109.8940,1,0.2020,-2.4710,-0.2009,-1.1294,-1.9667,1.4008,0.6877,0.0000,0.1719
4109.9107,1,0.2020,-2.4710,-0.2010,-1.1292,-1.9639,1.4010,0.6849,0.0000,0.1712
4109.9274,1,0.2020,-2.4710,-0.2010,-1.1289,-1.9611,1.4013,0.6820,0.0000,0.1705
4109.9441,1,0.2020,-2.4710,-0.2011,-1.1287,-1.9582,1.4015,0.6792,0.0000,0.1698
4109.9607,1,0.2020,-2.4710,-0.2013,-1.1285,-1.9554,1.4018,0.6764,0.0000,0.1691
4109.9773,1,0.2020,-2.4710,-0.2013,-1.1285,-1.9530,1.4018,0.6740,0.0000,0.1685
4109.9940,1,0.2020,-2.4710,-0.2014,-1.1281,-1.9500,1.4022,0.6711,0.0000,0.1678
4110.0107,1,0.2020,-2.4710,-0.2016,-1.1279,-1.9472,1.4024,0.6683,0.0000,0.1671
4110.0274,1,0.2020,-2.4710,-0.2018,-1.1278,-1.9445,1.4026,0.6657,0.0000,0.1664
4110.0441,1,0.2020,-2.4710,-0.2020,-1.1275,-1.9417,1.4029,0.6630,0.0000,0.1657
4110.0607,1,0.2020,-2.4710,-0.2023,-1.1273,-1.9387,1.4032,0.6602,0.0000,0.1650
4110.0773,1,0.2020,-2.4710,-0.2025,-1.1272,-1.9359,1.4033,0.6575,0.0000,0.1644
4110.0940,1,0.2020,-2.4710,-0.2026,-1.1271,-1.9331,1.4035,0.6547,0.0000,0.1637
4110.1107,1,0.2020,-2.4710,-0.2029,-1.1269,-1.9303,1.4037,0.6522,0.0000,0.1630
4110.1274,1,0.2020,-2.4710,-0.2031,-1.1268,-1.9279,1.4039,0.6498,0.0000,0.1625
4110.1441,1,0.2020,-2.4710,-0.2032,-1.1268,-1.9256,1.4040,0.6476,0.0000,0.1619
4110.1607,1,0.2020,-2.4710,-0.2033,-1.1267,-1.9232,1.4041,0.6452,0.0000,0.1613
4110.1773,1,0.2020,-2.4710,-0.2036,-1.1266,-1.9208,1.4043,0.6430,0.0000,0.1607
4110.1940,1,0.2020,-2.4710,-0.2036,-1.1264,-1.9181,1.4044,0.6403,0.0000,0.1601
4110.2107,1,0.2020,-2.4710,-0.2038,-1.1264,-1.9158,1.4045,0.6381,0.0000,0.1595
4110.2274,1,0.2020,-2.4710,-0.2039,-1.1263,-1.9133,1.4046,0.6356,0.0000,0.1589
4110.2441,1,0.2020,-2.4710,-0.2038,-1.1260,-1.9109,1.4049,0.6331,0.0000,0.1583
4110.2608,1,0.2020,-2.4710,-0.2038,-1.1258,-1.9070,1.4051,0.6292,0.0000,0.1573
4110.2774,1,0.2020,-2.4710,-0.2039,-1.1257,-1.9058,1.4052,0.6280,0.0000,0.1570
4110.2940,1,0.2020,-2.4710,-0.2038,-1.1256,-1.9033,1.4053,0.6254,0.0000,0.1564
4110.3107,1,0.2020,-2.4710,-0.2038,-1.1255,-1.9008,1.4054,0.6229,0.0000,0.1557
4110.3274,1,0.2020,-2.4710,-0.2040,-1.1255,-1.8982,1.4054,0.6204,0.0000,0.1551
4110.3440,1,0.2020,-2.4710,-0.2039,-1.1254,-1.8955,1.4055,0.6177,0.0000,0.1544
4110.3607,1,0.2020,-2.4710,-0.2041,-1.1255,-1.8926,1.4054,0.6150,0.0000,0.1537
4110.3773,1,0.2020,-2.4710,-0.2041,-1.1255,-1.8900,1.4055,0.6123,0.0000,0.1531
4110.3940,1,0.2020,-2.4710,-0.2041,-1.1255,-1.8873,1.4054,0.6097,0.0000,0.1524
4110.4107,1,0.2020,-2.4710,-0.2042,-1.1255,-1.8850,1.4055,0.6073,0.0000,0.1518
4110.4274,1,0.2020,-2.4710,-0.2042,-1.1255,-1.8823,1.4055,0.6047,0.0000,0.1512
4110.4441,1,0.2020,-2.4710,-0.2043,-1.1255,-1.8798,1.4055,0.6023,0.0000,0.1506
4110.4607,1,0.2020,-2.4710,-0.2045,-1.1254,-1.8759,1.4057,0.5984,0.0000,0.1496
4110.4774,1,0.2020,-2.4710,-0.2046,-1.1254,-1.8747,1.4057,0.5973,0.0000,0.1493
4110.4940,1,0.2020,-2.4710,-0.2047,-1.1254,-1.8719,1.4057,0.5947,0.0000,0.1487
4110.5107,1,0.2020,-2.4710,-0.2048,-1.1254,-1.8695,1.4058,0.5923,0.0000,0.1481
4110.5274,1,0.2020,-2.4710,-0.2049,-1.1253,-1.8670,1.4059,0.5898,0.0000,0.1475
4110.5441,1,0.2020,-2.4710,-0.2051,-1.1253,-1.8646,1.4060,0.5876,0.0000,0.1469
4110.5607,1,0.2020,-2.4710,-0.2052,-1.1252,-1.8622,1.4060,0.5852,0.0000,0.1463
4110.5774,1,0.2020,-2.4710,-0.2053,-1.1250,-1.8597,1.4062,0.5828,0.0000,0.1457
4110.5940,1,0.2020,-2.4710,-0.2054,-1.1250,-1.8572,1.4063,0.5803,0.0000,0.1451
4110.6107,1,0.2020,-2.4710,-0.2055,-1.1249,-1.8549,1.4064,0.5780,0.0000,0.1445
4110.6273,1,0.2020,-2.4710,-0.2055,-1.1249,-1.8526,1.4065,0.5758,0.0000,0.1439
4110.6440,1,0.2020,-2.4710,-0.2056,-1.1248,-1.8507,1.4065,0.5739,0.0000,0.1435
4110.6607,1,0.2020,-2.4710,-0.2057,-1.1247,-1.8474,1.4067,0.5707,0.0000,0.1427
4110.6774,1,0.2020,-2.4710,-0.2058,-1.1247,-1.8454,1.4067,0.5687,0.0000,0.1422
4110.6940,1,0.2020,-2.4710,-0.2058,-1.1246,-1.8442,1.4068,0.5675,0.0000,0.1419
4110.7107,1,0.2020,-2.4710,-0.2059,-1.1247,-1.8420,1.4067,0.5654,0.0000,0.1414
4110.7274,1,0.2020,-2.4710,-0.2060,-1.1247,-1.8397,1.4068,0.5631,0.0000,0.1408
4110.7440,1,0.2020,-2.4710,-0.2059,-1.1245,-1.8377,1.4069,0.5610,0.0000,0.1403
4110.7607,1,0.2020,-2.4710,-0.2059,-1.1245,-1.8354,1.4069,0.5588,0.0000,0.1397
4110.7774,1,0.2020,-2.4710,-0.2060,-1.1246,-1.8331,1.4069,0.5565,0.0000,0.1391
4110.7940,1,0.2020,-2.4710,-0.2061,-1.1246,-1.8307,1.4069,0.5542,0.0000,0.1385
4110.8107,1,0.2020,-2.4710,-0.2061,-1.1246,-1.8284,1.4069,0.5519,0.0000,0.1380
4110.8273,1,0.2020,-2.4710,-0.2060,-1.1246,-1.8261,1.4069,0.5495,0.0000,0.1374
4110.8441,1,0.2020,-2.4710,-0.2060,-1.1246,-1.8238,1.4068,0.5473,0.0000,0.1368
4110.8607,1,0.2020,-2.4710,-0.2061,-1.1247,-1.8213,1.4068,0.5449,0.0000,0.1362
4110.8774,1,0.2020,-2.4710,-0.2061,-1.1246,-1.8192,1.4069,0.5427,0.0000,0.1357
4110.8940,1,0.2020,-2.4710,-0.2061,-1.1246,-1.8167,1.4069,0.5402,0.0000,0.1350
4110.9107,1,0.2020,-2.4710,-0.2063,-1.1248,-1.8152,1.4068,0.5389,0.0000,0.1347
4110.9274,1,0.2020,-2.4710,-0.2063,-1.1246,-1.8123,1.4069,0.5360,0.0000,0.1340
4110.9442,1,0.2020,-2.4710,-0.2065,-1.1247,-1.8100,1.4069,0.5338,0.0000,0.1334
4110.9607,1,0.2020,-2.4710,-0.2066,-1.1247,-1.8077,1.4070,0.5316,0.0000,0.1329
4110.9774,1,0.2020,-2.4710,-0.2067,-1.1246,-1.8054,1.4071,0.5293,0.0000,0.1323
4110.9940,1,0.2020,-2.4710,-0.2070,-1.1248,-1.8032,1.4070,0.5274,0.0000,0.1318
4111.0107,1,0.2020,-2.4710,-0.2072,-1.1248,-1.8008,1.4070,0.5252,0.0000,0.1313
4111.0274,1,0.2020,-2.4710,-0.2074,-1.1249,-1.7988,1.4070,0.5232,0.0000,0.1308
4111.0441,1,0.2020,-2.4710,-0.2075,-1.1249,-1.7965,1.4071,0.5211,0.0000,0.1303
4111.0607,1,0.2020,-2.4710,-0.2077,-1.1248,-1.7942,1.4071,0.5189,0.0000,0.1297
4111.0773,1,0.2020,-2.4710,-0.2078,-1.1248,-1.7918,1.4072,0.5165,0.0000,0.1291
4111.0940,1,0.2020,-2.4710,-0.2079,-1.1247,-1.7894,1.4073,0.5141,0.0000,0.1285
4111.1107,1,0.2020,-2.4710,-0.2080,-1.1248,-1.7874,1.4073,0.5122,0.0000,0.1281
4111.1274,1,0.2020,-2.4710,-0.2080,-1.1247,-1.7852,1.4074,0.5100,0.0000,0.1275
4111.1441,1,0.2020,-2.4710,-0.2082,-1.1247,-1.7830,1.4074,0.5080,0.0000,0.1270
4111.1607,1,0.2020,-2.4710,-0.2082,-1.1246,-1.7811,1.4075,0.5061,0.0000,0.1265
4111.1774,1,0.2020,-2.4710,-0.2082,-1.1246,-1.7793,1.4075,0.5042,0.0000,0.1261
4111.1940,1,0.2020,-2.4710,-0.2082,-1.1246,-1.7777,1.4075,0.5026,0.0000,0.1257
4111.2107,1,0.2020,-2.4710,-0.2083,-1.1246,-1.7757,1.4075,0.5007,0.0000,0.1252
4111.2274,1,0.2020,-2.4710,-0.2083,-1.1246,-1.7738,1.4076,0.4988,0.0000,0.1247
4111.2441,1,0.2020,-2.4710,-0.2084,-1.1245,-1.7718,1.4077,0.4969,0.0000,0.1242
4111.2607,1,0.2020,-2.4710,-0.2085,-1.1244,-1.7696,1.4078,0.4947,0.0000,0.1237
4111.2774,1,0.2020,-2.4710,-0.2085,-1.1244,-1.7678,1.4077,0.4929,0.0000,0.1232
4111.2940,1,0.2020,-2.4710,-0.2085,-1.1244,-1.7658,1.4077,0.4909,0.0000,0.1227
4111.3107,1,0.2020,-2.4710,-0.2085,-1.1245,-1.7639,1.4077,0.4891,0.0000,0.1223
4111.3274,1,0.2020,-2.4710,-0.2086,-1.1245,-1.7621,1.4077,0.4872,0.0000,0.1218
4111.3440,1,0.2020,-2.4710,-0.2086,-1.1244,-1.7600,1.4078,0.4852,0.0000,0.1213
4111.3607,1,0.2020,-2.4710,-0.2087,-1.1245,-1.7580,1.4078,0.4833,0.0000,0.1208
4111.3774,1,0.2020,-2.4710,-0.2087,-1.1244,-1.7560,1.4078,0.4812,0.0000,0.1203
4111.3940,1,0.2020,-2.4710,-0.2087,-1.1244,-1.7540,1.4079,0.4793,0.0000,0.1198
4111.4107,1,0.2020,-2.4710,-0.2088,-1.1244,-1.7510,1.4079,0.4763,0.0000,0.1191
4111.4273,1,0.2020,-2.4710,-0.2088,-1.1244,-1.7500,1.4079,0.4753,0.0000,0.1188
4111.4441,1,0.2020,-2.4710,-0.2088,-1.1244,-1.7483,1.4079,0.4736,0.0000,0.1184
4111.4607,1,0.2020,-2.4710,-0.2088,-1.1244,-1.7452,1.4078,0.4705,0.0000,0.1176
4111.4773,1,0.2020,-2.4710,-0.2089,-1.1245,-1.7434,1.4078,0.4688,0.0000,0.1172
4111.4940,1,0.2020,-2.4710,-0.2089,-1.1245,-1.7424,1.4078,0.4678,0.0000,0.1170
4111.5107,1,0.2020,-2.4710,-0.2090,-1.1245,-1.7394,1.4078,0.4648,0.0000,0.1162
4111.5274,1,0.2020,-2.4710,-0.2090,-1.1245,-1.7385,1.4078,0.4639,0.0000,0.1160
4111.5440,1,0.2020,-2.4710,-0.2092,-1.1245,-1.7366,1.4079,0.4622,0.0000,0.1155
4111.5608,1,0.2020,-2.4710,-0.2090,-1.1243,-1.7346,1.4081,0.4601,0.0000,0.1150
4111.5774,1,0.2020,-2.4710,-0.2093,-1.1246,-1.7327,1.4079,0.4583,0.0000,0.1146
4111.5940,1,0.2020,-2.4710,-0.2094,-1.1245,-1.7307,1.4079,0.4565,0.0000,0.1141
4111.6107,1,0.2020,-2.4710,-0.2095,-1.1246,-1.7288,1.4079,0.4546,0.0000,0.1136
4111.6273,1,0.2020,-2.4710,-0.2096,-1.1246,-1.7268,1.4079,0.4527,0.0000,0.1132
4111.6440,1,0.2020,-2.4710,-0.2097,-1.1246,-1.7249,1.4079,0.4508,0.0000,0.1127
4111.6607,1,0.2020,-2.4710,-0.2098,-1.1247,-1.7230,1.4079,0.4490,0.0000,0.1123
4111.6774,1,0.2020,-2.4710,-0.2098,-1.1247,-1.7211,1.4079,0.4472,0.0000,0.1118
4111.6940,1,0.2020,-2.4710,-0.2099,-1.1246,-1.7194,1.4079,0.4455,0.0000,0.1114
4111.7107,1,0.2020,-2.4710,-0.2100,-1.1246,-1.7167,1.4080,0.4429,0.0000,0.1107
4111.7274,1,0.2020,-2.4710,-0.2101,-1.1246,-1.7158,1.4080,0.4420,0.0000,0.1105
4111.7440,1,0.2020,-2.4710,-0.2101,-1.1245,-1.7137,1.4081,0.4400,0.0000,0.1100
4111.7607,1,0.2020,-2.4710,-0.2102,-1.1245,-1.7120,1.4082,0.4382,0.0000,0.1096
4111.7774,1,0.2020,-2.4710,-0.2102,-1.1244,-1.7103,1.4083,0.4366,0.0000,0.1091
4111.7940,1,0.2020,-2.4710,-0.2101,-1.1242,-1.7089,1.4084,0.4351,0.0000,0.1088
4111.8107,1,0.2020,-2.4710,-0.2102,-1.1242,-1.7073,1.4084,0.4336,0.0000,0.1084
4111.8274,1,0.2020,-2.4710,-0.2103,-1.1242,-1.7061,1.4085,0.4324,0.0000,0.1081
4111.8441,1,0.2020,-2.4710,-0.2103,-1.1242,-1.7046,1.4085,0.4309,0.0000,0.1077
4111.8607,1,0.2020,-2.4710,-0.2104,-1.1243,-1.7032,1.4085,0.4296,0.0000,0.1074
4111.8773,1,0.2020,-2.4710,-0.2105,-1.1243,-1.7017,1.4085,0.4281,0.0000,0.1070
4111.8940,1,0.2020,-2.4710,-0.2106,-1.1242,-1.7001,1.4086,0.4265,0.0000,0.1066
4111.9107,1,0.2020,-2.4710,-0.2106,-1.1241,-1.6984,1.4087,0.4249,0.0000,0.1062
4111.9274,1,0.2020,-2.4710,-0.2108,-1.1241,-1.6968,1.4087,0.4234,0.0000,0.1058
4111.9440,1,0.2020,-2.4710,-0.2108,-1.1241,-1.6951,1.4087,0.4217,0.0000,0.1054
4111.9606,1,0.2020,-2.4710,-0.2107,-1.1240,-1.6934,1.4088,0.4199,0.0000,0.1050
4111.9772,1,0.2020,-2.4710,-0.2107,-1.1240,-1.6918,1.4088,0.4183,0.0000,0.1046
4111.9939,1,0.2020,-2.4710,-0.2107,-1.1240,-1.6902,1.4088,0.4167,0.0000,0.1042
4112.0106,1,0.2020,-2.4710,-0.2107,-1.1239,-1.6885,1.4089,0.4150,0.0000,0.1037
4112.0273,1,0.2020,-2.4710,-0.2107,-1.1239,-1.6869,1.4089,0.4133,0.0000,0.1033
4112.0440,1,0.2020,-2.4710,-0.2107,-1.1238,-1.6853,1.4089,0.4118,0.0000,0.1029
4112.0606,1,0.2020,-2.4710,-0.2107,-1.1238,-1.6835,1.4090,0.4100,0.0000,0.1025
4112.0773,1,0.2020,-2.4710,-0.2108,-1.1238,-1.6819,1.4090,0.4084,0.0000,0.1021
4112.0939,1,0.2020,-2.4710,-0.2108,-1.1238,-1.6803,1.4090,0.4068,0.0000,0.1017
4112.1106,1,0.2020,-2.4710,-0.2108,-1.1238,-1.6787,1.4090,0.4052,0.0000,0.1013
4112.1273,1,0.2020,-2.4710,-0.2109,-1.1238,-1.6770,1.4091,0.4036,0.0000,0.1009
4112.1440,1,0.2020,-2.4710,-0.2109,-1.1238,-1.6754,1.4091,0.4020,0.0000,0.1005
4112.1606,1,0.2020,-2.4710,-0.2110,-1.1238,-1.6738,1.4091,0.4005,0.0000,0.1001
4112.1773,1,0.2020,-2.4710,-0.2111,-1.1238,-1.6720,1.4091,0.3988,0.0000,0.0997
4112.1939,1,0.2020,-2.4710,-0.2112,-1.1238,-1.6705,1.4091,0.3973,0.0000,0.0993
4112.2106,1,0.2020,-2.4710,-0.2113,-1.1239,-1.6688,1.4091,0.3957,0.0000,0.0989
4112.2273,1,0.2020,-2.4710,-0.2113,-1.1237,-1.6674,1.4093,0.3942,0.0000,0.0986
4112.2439,1,0.2020,-2.4710,-0.2113,-1.1236,-1.6658,1.4094,0.3926,0.0000,0.0982
4112.2606,1,0.2020,-2.4710,-0.2115,-1.1237,-1.6640,1.4093,0.3910,0.0000,0.0978
4112.2773,1,0.2020,-2.4710,-0.2116,-1.1237,-1.6625,1.4093,0.3895,0.0000,0.0974
4112.2940,1,0.2020,-2.4710,-0.2116,-1.1237,-1.6608,1.4094,0.3878,0.0000,0.0970
4112.3106,1,0.2020,-2.4710,-0.2118,-1.1238,-1.6583,1.4093,0.3854,0.0000,0.0964
4112.3273,1,0.2020,-2.4710,-0.2118,-1.1237,-1.6575,1.4094,0.3847,0.0000,0.0962
4112.3440,1,0.2020,-2.4710,-0.2118,-1.1238,-1.6559,1.4093,0.3831,0.0000,0.0958
4112.3606,1,0.2020,-2.4710,-0.2119,-1.1238,-1.6542,1.4093,0.3814,0.0000,0.0954
4112.3773,1,0.2020,-2.4710,-0.2120,-1.1239,-1.6526,1.4093,0.3800,0.0000,0.0950
4112.3939,1,0.2020,-2.4710,-0.2121,-1.1239,-1.6508,1.4093,0.3783,0.0000,0.0946
4112.4106,1,0.2020,-2.4710,-0.2121,-1.1239,-1.6492,1.4093,0.3766,0.0000,0.0942
4112.4273,1,0.2020,-2.4710,-0.2121,-1.1239,-1.6476,1.4093,0.3750,0.0000,0.0938
4112.4439,1,0.2020,-2.4710,-0.2122,-1.1239,-1.6459,1.4093,0.3734,0.0000,0.0934
4112.4607,1,0.2020,-2.4710,-0.2123,-1.1240,-1.6435,1.4093,0.3711,0.0000,0.0928
4112.4773,1,0.2020,-2.4710,-0.2123,-1.1240,-1.6428,1.4093,0.3704,0.0000,0.0926
4112.4939,1,0.2020,-2.4710,-0.2124,-1.1240,-1.6413,1.4093,0.3689,0.0000,0.0922
4112.5106,1,0.2020,-2.4710,-0.2125,-1.1239,-1.6397,1.4094,0.3674,0.0000,0.0919
4112.5273,1,0.2020,-2.4710,-0.2125,-1.1239,-1.6381,1.4094,0.3658,0.0000,0.0915
4112.5440,1,0.2020,-2.4710,-0.2126,-1.1239,-1.6365,1.4094,0.3643,0.0000,0.0911
4112.5606,1,0.2020,-2.4710,-0.2126,-1.1239,-1.6349,1.4095,0.3627,0.0000,0.0907
4112.5773,1,0.2020,-2.4710,-0.2127,-1.1239,-1.6332,1.4095,0.3610,0.0000,0.0903
4112.5939,1,0.2020,-2.4710,-0.2127,-1.1238,-1.6316,1.4096,0.3595,0.0000,0.0899
4112.6106,1,0.2020,-2.4710,-0.2127,-1.1238,-1.6302,1.4096,0.3580,0.0000,0.0895
4112.6273,1,0.2020,-2.4710,-0.2127,-1.1238,-1.6291,1.4096,0.3570,0.0000,0.0892
4112.6440,1,0.2020,-2.4710,-0.2128,-1.1238,-1.6281,1.4096,0.3559,0.0000,0.0890
4112.6606,1,0.2020,-2.4710,-0.2128,-1.1238,-1.6268,1.4096,0.3547,0.0000,0.0887
4112.6773,1,0.2020,-2.4710,-0.2129,-1.1238,-1.6255,1.4097,0.3534,0.0000,0.0883
4112.6939,1,0.2020,-2.4710,-0.2130,-1.1237,-1.6241,1.4097,0.3521,0.0000,0.0880
4112.7106,1,0.2020,-2.4710,-0.2130,-1.1237,-1.6227,1.4098,0.3508,0.0000,0.0877
4112.7273,1,0.2020,-2.4710,-0.2131,-1.1237,-1.6213,1.4098,0.3494,0.0000,0.0874
4112.7440,1,0.2020,-2.4710,-0.2132,-1.1236,-1.6199,1.4099,0.3480,0.0000,0.0870
4112.7606,1,0.2020,-2.4710,-0.2132,-1.1236,-1.6188,1.4099,0.3469,0.0000,0.0867
4112.7773,1,0.2020,-2.4710,-0.2132,-1.1235,-1.6175,1.4100,0.3456,0.0000,0.0864
4112.7939,1,0.2020,-2.4710,-0.2133,-1.1235,-1.6163,1.4101,0.3445,0.0000,0.0861
4112.8106,1,0.2020,-2.4710,-0.2133,-1.1234,-1.6150,1.4102,0.3431,0.0000,0.0858
4112.8273,1,0.2020,-2.4710,-0.2132,-1.1231,-1.6139,1.4104,0.3418,0.0000,0.0855
4112.8439,1,0.2020,-2.4710,-0.2134,-1.1231,-1.6122,1.4105,0.3404,0.0000,0.0851
4112.8606,1,0.2020,-2.4710,-0.2135,-1.1231,-1.6108,1.4105,0.3390,0.0000,0.0848
4112.8772,1,0.2020,-2.4710,-0.2135,-1.1230,-1.6097,1.4106,0.3379,0.0000,0.0845
4112.8939,1,0.2020,-2.4710,-0.2135,-1.1229,-1.6085,1.4107,0.3367,0.0000,0.0842
4112.9106,1,0.2020,-2.4710,-0.2135,-1.1228,-1.6073,1.4108,0.3354,0.0000,0.0839
4112.9273,1,0.2020,-2.4710,-0.2135,-1.1228,-1.6061,1.4108,0.3342,0.0000,0.0836
4112.9440,1,0.2020,-2.4710,-0.2135,-1.1228,-1.6048,1.4108,0.3329,0.0000,0.0832
4112.9606,1,0.2020,-2.4710,-0.2136,-1.1227,-1.6035,1.4109,0.3317,0.0000,0.0829
4112.9773,1,0.2020,-2.4710,-0.2136,-1.1227,-1.6021,1.4109,0.3303,0.0000,0.0826
4112.9939,1,0.2020,-2.4710,-0.2138,-1.1227,-1.6007,1.4109,0.3290,0.0000,0.0823
4113.0106,1,0.2020,-2.4710,-0.2138,-1.1227,-1.5995,1.4109,0.3279,0.0000,0.0820
4113.0273,1,0.2020,-2.4710,-0.2138,-1.1227,-1.5983,1.4109,0.3267,0.0000,0.0817
4113.0439,1,0.2020,-2.4710,-0.2138,-1.1227,-1.5970,1.4110,0.3253,0.0000,0.0813
4113.0606,1,0.2020,-2.4710,-0.2138,-1.1226,-1.5957,1.4110,0.3241,0.0000,0.0810
4113.0773,1,0.2020,-2.4710,-0.2138,-1.1226,-1.5951,1.4111,0.3234,0.0000,0.0809
4113.0939,1,0.2020,-2.4710,-0.2138,-1.1225,-1.5932,1.4111,0.3215,0.0000,0.0804
4113.1106,1,0.2020,-2.4710,-0.2139,-1.1225,-1.5919,1.4112,0.3203,0.0000,0.0801
4113.1273,1,0.2020,-2.4710,-0.2143,-1.1228,-1.5896,1.4110,0.3183,0.0000,0.0796
4113.1440,1,0.2020,-2.4710,-0.2143,-1.1228,-1.5884,1.4110,0.3171,0.0000,0.0793
4113.1606,1,0.2020,-2.4710,-0.2143,-1.1228,-1.5871,1.4111,0.3158,0.0000,0.0789
4113.1772,1,0.2020,-2.4710,-0.2144,-1.1227,-1.5858,1.4111,0.3146,0.0000,0.0786
4113.1940,1,0.2020,-2.4710,-0.2141,-1.1225,-1.5854,1.4113,0.3139,0.0000,0.0785
4113.2106,1,0.2020,-2.4710,-0.2141,-1.1224,-1.5842,1.4113,0.3127,0.0000,0.0782
4113.2272,1,0.2020,-2.4710,-0.2142,-1.1225,-1.5829,1.4113,0.3115,0.0000,0.0779
4113.2439,1,0.2020,-2.4710,-0.2144,-1.1226,-1.5812,1.4112,0.3099,0.0000,0.0775
4113.2606,1,0.2020,-2.4710,-0.2144,-1.1227,-1.5799,1.4112,0.3087,0.0000,0.0772
4113.2772,1,0.2020,-2.4710,-0.2144,-1.1226,-1.5786,1.4112,0.3073,0.0000,0.0768
4113.2939,1,0.2020,-2.4710,-0.2144,-1.1226,-1.5773,1.4113,0.3061,0.0000,0.0765
4113.3106,1,0.2020,-2.4710,-0.2145,-1.1226,-1.5762,1.4113,0.3050,0.0000,0.0763
4113.3273,1,0.2020,-2.4710,-0.2145,-1.1226,-1.5745,1.4113,0.3033,0.0000,0.0758
4113.3440,1,0.2020,-2.4710,-0.2145,-1.1226,-1.5738,1.4113,0.3026,0.0000,0.0757
4113.3606,1,0.2020,-2.4710,-0.2144,-1.1224,-1.5726,1.4114,0.3013,0.0000,0.0753
4113.3773,1,0.2020,-2.4710,-0.2144,-1.1223,-1.5713,1.4115,0.3000,0.0000,0.0750
4113.3939,1,0.2020,-2.4710,-0.2145,-1.1223,-1.5698,1.4115,0.2986,0.0000,0.0747
4113.4106,1,0.2020,-2.4710,-0.2146,-1.1223,-1.5680,1.4115,0.2968,0.0000,0.0742
4113.4272,1,0.2020,-2.4710,-0.2146,-1.1223,-1.5673,1.4116,0.2961,0.0000,0.0740
4113.4439,1,0.2020,-2.4710,-0.2145,-1.1223,-1.5661,1.4116,0.2948,0.0000,0.0737
4113.4606,1,0.2020,-2.4710,-0.2145,-1.1222,-1.5648,1.4116,0.2936,0.0000,0.0734
4113.4772,1,0.2020,-2.4710,-0.2145,-1.1222,-1.5636,1.4116,0.2923,0.0000,0.0731
4113.4939,1,0.2020,-2.4710,-0.2145,-1.1222,-1.5626,1.4116,0.2913,0.0000,0.0728
4113.5106,1,0.2020,-2.4710,-0.2145,-1.1221,-1.5613,1.4117,0.2900,0.0000,0.0725
4113.5273,1,0.2020,-2.4710,-0.2145,-1.1220,-1.5601,1.4118,0.2888,0.0000,0.0722
4113.5440,1,0.2020,-2.4710,-0.2145,-1.1220,-1.5592,1.4118,0.2879,0.0000,0.0720
4113.5606,1,0.2020,-2.4710,-0.2145,-1.1220,-1.5582,1.4118,0.2869,0.0000,0.0717
4113.5772,1,0.2020,-2.4710,-0.2145,-1.1220,-1.5574,1.4118,0.2860,0.0000,0.0715
4113.5939,1,0.2020,-2.4710,-0.2145,-1.1220,-1.5565,1.4118,0.2852,0.0000,0.0713
4113.6106,1,0.2020,-2.4710,-0.2145,-1.1220,-1.5554,1.4119,0.2841,0.0000,0.0710
4113.6272,1,0.2020,-2.4710,-0.2145,-1.1219,-1.5544,1.4119,0.2830,0.0000,0.0708
4113.6439,1,0.2020,-2.4710,-0.2145,-1.1218,-1.5533,1.4120,0.2819,0.0000,0.0705
4113.6606,1,0.2020,-2.4710,-0.2145,-1.1218,-1.5522,1.4121,0.2808,0.0000,0.0702
4113.6772,1,0.2020,-2.4710,-0.2145,-1.1217,-1.5512,1.4121,0.2798,0.0000,0.0700
4113.6939,1,0.2020,-2.4710,-0.2145,-1.1217,-1.5503,1.4121,0.2789,0.0000,0.0697
4113.7106,1,0.2020,-2.4710,-0.2145,-1.1216,-1.5492,1.4122,0.2777,0.0000,0.0694
4113.7272,1,0.2020,-2.4710,-0.2144,-1.1215,-1.5482,1.4123,0.2767,0.0000,0.0692
4113.7439,1,0.2020,-2.4710,-0.2144,-1.1215,-1.5472,1.4123,0.2757,0.0000,0.0689
4113.7606,1,0.2020,-2.4710,-0.2145,-1.1216,-1.5462,1.4122,0.2748,0.0000,0.0687
4113.7772,1,0.2020,-2.4710,-0.2145,-1.1216,-1.5452,1.4122,0.2738,0.0000,0.0684
4113.7939,1,0.2020,-2.4710,-0.2146,-1.1216,-1.5440,1.4122,0.2727,0.0000,0.0682
4113.8106,1,0.2020,-2.4710,-0.2147,-1.1217,-1.5431,1.4122,0.2718,0.0000,0.0680
4113.8273,1,0.2020,-2.4710,-0.2147,-1.1217,-1.5423,1.4122,0.2710,0.0000,0.0677
4113.8439,1,0.2020,-2.4710,-0.2147,-1.1217,-1.5413,1.4122,0.2701,0.0000,0.0675
4113.8606,1,0.2020,-2.4710,-0.2147,-1.1217,-1.5403,1.4122,0.2691,0.0000,0.0673
4113.8773,1,0.2020,-2.4710,-0.2148,-1.1217,-1.5395,1.4122,0.2683,0.0000,0.0671
4113.8939,1,0.2020,-2.4710,-0.2148,-1.1217,-1.5384,1.4122,0.2672,0.0000,0.0668
4113.9106,1,0.2020,-2.4710,-0.2148,-1.1217,-1.5375,1.4122,0.2663,0.0000,0.0666
4113.9272,1,0.2020,-2.4710,-0.2149,-1.1217,-1.5364,1.4123,0.2653,0.0000,0.0663
4113.9439,1,0.2020,-2.4710,-0.2149,-1.1217,-1.5355,1.4122,0.2644,0.0000,0.0661
4113.9606,1,0.2020,-2.4710,-0.2150,-1.1217,-1.5345,1.4122,0.2634,0.0000,0.0659
4113.9772,1,0.2020,-2.4710,-0.2151,-1.1218,-1.5334,1.4122,0.2625,0.0000,0.0656
4113.9939,1,0.2020,-2.4710,-0.2151,-1.1218,-1.5326,1.4122,0.2616,0.0000,0.0654
4114.0106,1,0.2020,-2.4710,-0.2151,-1.1218,-1.5315,1.4122,0.2606,0.0000,0.0651
4114.0272,1,0.2020,-2.4710,-0.2151,-1.1217,-1.5305,1.4123,0.2595,0.0000,0.0649
4114.0439,1,0.2020,-2.4710,-0.2152,-1.1217,-1.5295,1.4123,0.2586,0.0000,0.0647
4114.0606,1,0.2020,-2.4710,-0.2152,-1.1217,-1.5286,1.4123,0.2577,0.0000,0.0644
4114.0772,1,0.2020,-2.4710,-0.2152,-1.1217,-1.5277,1.4123,0.2567,0.0000,0.0642
4114.0939,1,0.2020,-2.4710,-0.2152,-1.1217,-1.5268,1.4124,0.2559,0.0000,0.0640
4114.1106,1,0.2020,-2.4710,-0.2153,-1.1217,-1.5258,1.4123,0.2550,0.0000,0.0637
4114.1273,1,0.2020,-2.4710,-0.2154,-1.1217,-1.5247,1.4123,0.2539,0.0000,0.0635
4114.1439,1,0.2020,-2.4710,-0.2155,-1.1218,-1.5236,1.4123,0.2529,0.0000,0.0632
4114.1606,1,0.2020,-2.4710,-0.2155,-1.1218,-1.5227,1.4123,0.2520,0.0000,0.0630
4114.1772,1,0.2020,-2.4710,-0.2155,-1.1218,-1.5217,1.4123,0.2511,0.0000,0.0628
4114.1939,1,0.2020,-2.4710,-0.2156,-1.1218,-1.5208,1.4124,0.2501,0.0000,0.0625
4114.2106,1,0.2020,-2.4710,-0.2156,-1.1217,-1.5198,1.4124,0.2492,0.0000,0.0623
4114.2273,1,0.2020,-2.4710,-0.2156,-1.1217,-1.5189,1.4124,0.2483,0.0000,0.0621
4114.2439,1,0.2020,-2.4710,-0.2157,-1.1217,-1.5182,1.4124,0.2476,0.0000,0.0619
4114.2606,1,0.2020,-2.4710,-0.2156,-1.1217,-1.5170,1.4125,0.2463,0.0000,0.0616
4114.2772,1,0.2020,-2.4710,-0.2156,-1.1216,-1.5161,1.4125,0.2454,0.0000,0.0614
4114.2939,1,0.2020,-2.4710,-0.2156,-1.1216,-1.5151,1.4126,0.2444,0.0000,0.0611
4114.3106,1,0.2020,-2.4710,-0.2158,-1.1216,-1.5140,1.4125,0.2434,0.0000,0.0609
4114.3272,1,0.2020,-2.4710,-0.2158,-1.1217,-1.5130,1.4125,0.2425,0.0000,0.0606
4114.3440,1,0.2020,-2.4710,-0.2159,-1.1217,-1.5121,1.4125,0.2417,0.0000,0.0604
4114.3606,1,0.2020,-2.4710,-0.2159,-1.1217,-1.5113,1.4125,0.2409,0.0000,0.0602
4114.3772,1,0.2020,-2.4710,-0.2159,-1.1217,-1.5101,1.4125,0.2397,0.0000,0.0599
4114.3939,1,0.2020,-2.4710,-0.2160,-1.1217,-1.5093,1.4125,0.2389,0.0000,0.0597
4114.4106,1,0.2020,-2.4710,-0.2160,-1.1217,-1.5084,1.4126,0.2380,0.0000,0.0595
4114.4272,1,0.2020,-2.4710,-0.2160,-1.1217,-1.5075,1.4126,0.2371,0.0000,0.0593
4114.4440,1,0.2020,-2.4710,-0.2160,-1.1216,-1.5066,1.4126,0.2362,0.0000,0.0590
4114.4606,1,0.2020,-2.4710,-0.2160,-1.1216,-1.5058,1.4127,0.2354,0.0000,0.0588
4114.4772,1,0.2020,-2.4710,-0.2161,-1.1216,-1.5049,1.4127,0.2346,0.0000,0.0586
4114.4940,1,0.2020,-2.4710,-0.2161,-1.1216,-1.5037,1.4127,0.2334,0.0000,0.0583
4114.5106,1,0.2020,-2.4710,-0.2162,-1.1216,-1.5025,1.4127,0.2322,0.0000,0.0581
4114.5273,1,0.2020,-2.4710,-0.2163,-1.1216,-1.5014,1.4127,0.2312,0.0000,0.0578
4114.5440,1,0.2020,-2.4710,-0.2163,-1.1216,-1.5004,1.4127,0.2302,0.0000,0.0576
4114.5606,1,0.2020,-2.4710,-0.2162,-1.1216,-1.4996,1.4127,0.2293,0.0000,0.0573
4114.5773,1,0.2020,-2.4710,-0.2162,-1.1216,-1.4988,1.4127,0.2285,0.0000,0.0571
4114.5939,1,0.2020,-2.4710,-0.2162,-1.1216,-1.4980,1.4127,0.2277,0.0000,0.0569
4114.6106,1,0.2020,-2.4710,-0.2162,-1.1215,-1.4971,1.4128,0.2268,0.0000,0.0567
4114.6272,1,0.2020,-2.4710,-0.2162,-1.1215,-1.4960,1.4128,0.2257,0.0000,0.0564
4114.6440,1,0.2020,-2.4710,-0.2162,-1.1215,-1.4951,1.4129,0.2248,0.0000,0.0562
4114.6606,1,0.2020,-2.4710,-0.2163,-1.1214,-1.4941,1.4129,0.2238,0.0000,0.0560
4114.6773,1,0.2020,-2.4710,-0.2163,-1.1215,-1.4930,1.4129,0.2227,0.0000,0.0557
4114.6939,1,0.2020,-2.4710,-0.2163,-1.1215,-1.4921,1.4129,0.2219,0.0000,0.0555
4114.7106,1,0.2020,-2.4710,-0.2164,-1.1215,-1.4911,1.4129,0.2209,0.0000,0.0552
4114.7272,1,0.2020,-2.4710,-0.2164,-1.1215,-1.4900,1.4129,0.2198,0.0000,0.0549
4114.7440,1,0.2020,-2.4710,-0.2164,-1.1215,-1.4891,1.4129,0.2189,0.0000,0.0547
4114.7606,1,0.2020,-2.4710,-0.2164,-1.1214,-1.4882,1.4129,0.2180,0.0000,0.0545
4114.7773,1,0.2020,-2.4710,-0.2164,-1.1214,-1.4872,1.4129,0.2170,0.0000,0.0543
4114.7939,1,0.2020,-2.4710,-0.2164,-1.1214,-1.4864,1.4130,0.2162,0.0000,0.0541
4114.8106,1,0.2020,-2.4710,-0.2164,-1.1214,-1.4856,1.4130,0.2154,0.0000,0.0538
4114.8272,1,0.2020,-2.4710,-0.2164,-1.1214,-1.4850,1.4129,0.2148,0.0000,0.0537
4114.8440,1,0.2020,-2.4710,-0.2164,-1.1214,-1.4844,1.4129,0.2143,0.0000,0.0536
4114.8606,1,0.2020,-2.4710,-0.2164,-1.1214,-1.4840,1.4130,0.2138,0.0000,0.0535
4114.8773,1,0.2020,-2.4710,-0.2164,-1.1214,-1.4834,1.4130,0.2132,0.0000,0.0533
4114.8939,1,0.2020,-2.4710,-0.2164,-1.1214,-1.4827,1.4130,0.2125,0.0000,0.0531
4114.9106,1,0.2020,-2.4710,-0.2165,-1.1214,-1.4819,1.4130,0.2118,0.0000,0.0529
4114.9273,1,0.2020,-2.4710,-0.2165,-1.1214,-1.4811,1.4130,0.2110,0.0000,0.0527
4114.9440,1,0.2020,-2.4710,-0.2165,-1.1214,-1.4804,1.4130,0.2103,0.0000,0.0526
4114.9606,1,0.2020,-2.4710,-0.2165,-1.1214,-1.4798,1.4130,0.2097,0.0000,0.0524
4114.9772,1,0.2020,-2.4710,-0.2166,-1.1214,-1.4791,1.4130,0.2091,0.0000,0.0523
4114.9940,1,0.2020,-2.4710,-0.2165,-1.1214,-1.4785,1.4130,0.2085,0.0000,0.0521
4115.0106,1,0.2020,-2.4710,-0.2165,-1.1214,-1.4780,1.4130,0.2079,0.0000,0.0520
4115.0273,1,0.2020,-2.4710,-0.2165,-1.1213,-1.4773,1.4131,0.2072,0.0000,0.0518
4115.0440,1,0.2020,-2.4710,-0.2165,-1.1213,-1.4766,1.4131,0.2065,0.0000,0.0516
4115.0606,1,0.2020,-2.4710,-0.2164,-1.1212,-1.4760,1.4131,0.2058,0.0000,0.0515
4115.0772,1,0.2020,-2.4710,-0.2164,-1.1212,-1.4754,1.4132,0.2052,0.0000,0.0513
4115.0939,1,0.2020,-2.4710,-0.2164,-1.1212,-1.4747,1.4132,0.2045,0.0000,0.0511
4115.1106,1,0.2020,-2.4710,-0.2164,-1.1212,-1.4741,1.4132,0.2039,0.0000,0.0510
4115.1273,1,0.2020,-2.4710,-0.2164,-1.1212,-1.4735,1.4132,0.2033,0.0000,0.0508
4115.1440,1,0.2020,-2.4710,-0.2164,-1.1212,-1.4729,1.4132,0.2027,0.0000,0.0507
4115.1606,1,0.2020,-2.4710,-0.2164,-1.1212,-1.4723,1.4132,0.2021,0.0000,0.0505
4115.1773,1,0.2020,-2.4710,-0.2165,-1.1212,-1.4717,1.4132,0.2015,0.0000,0.0504
4115.1939,1,0.2020,-2.4710,-0.2164,-1.1212,-1.4709,1.4132,0.2007,0.0000,0.0502
4115.2106,1,0.2020,-2.4710,-0.2164,-1.1212,-1.4702,1.4132,0.2000,0.0000,0.0500
4115.2273,1,0.2020,-2.4710,-0.2164,-1.1211,-1.4696,1.4132,0.1994,0.0000,0.0498
4115.2439,1,0.2020,-2.4710,-0.2164,-1.1212,-1.4689,1.4132,0.1987,0.0000,0.0497
4115.2606,1,0.2020,-2.4710,-0.2164,-1.1211,-1.4682,1.4132,0.1979,0.0000,0.0495
4115.2773,1,0.2020,-2.4710,-0.2164,-1.1211,-1.4675,1.4132,0.1972,0.0000,0.0493
4115.2939,1,0.2020,-2.4710,-0.2164,-1.1211,-1.4668,1.4132,0.1966,0.0000,0.0491
4115.3106,1,0.2020,-2.4710,-0.2164,-1.1212,-1.4662,1.4132,0.1960,0.0000,0.0490
4115.3273,1,0.2020,-2.4710,-0.2165,-1.1212,-1.4656,1.4132,0.1954,0.0000,0.0488
4115.3439,1,0.2020,-2.4710,-0.2164,-1.1212,-1.4649,1.4132,0.1947,0.0000,0.0487
4115.3606,1,0.2020,-2.4710,-0.2164,-1.1211,-1.4641,1.4133,0.1939,0.0000,0.0485
4115.3773,1,0.2020,-2.4710,-0.2164,-1.1211,-1.4634,1.4132,0.1932,0.0000,0.0483
4115.3939,1,0.2020,-2.4710,-0.2164,-1.1211,-1.4627,1.4132,0.1925,0.0000,0.0481
4115.4106,1,0.2020,-2.4710,-0.2164,-1.1211,-1.4621,1.4133,0.1919,0.0000,0.0480
4115.4273,1,0.2020,-2.4710,-0.2164,-1.1211,-1.4614,1.4133,0.1912,0.0000,0.0478
4115.4441,1,0.2020,-2.4710,-0.2164,-1.1210,-1.4608,1.4133,0.1905,0.0000,0.0476
4115.4606,1,0.2020,-2.4710,-0.2163,-1.1210,-1.4602,1.4133,0.1899,0.0000,0.0475
4115.4773,1,0.2020,-2.4710,-0.2164,-1.1210,-1.4595,1.4133,0.1892,0.0000,0.0473
4115.4940,1,0.2020,-2.4710,-0.2163,-1.1210,-1.4589,1.4133,0.1886,0.0000,0.0472
4115.5107,1,0.2020,-2.4710,-0.2163,-1.1210,-1.4582,1.4133,0.1879,0.0000,0.0470
4115.5273,1,0.2020,-2.4710,-0.2163,-1.1210,-1.4575,1.4133,0.1872,0.0000,0.0468
4115.5440,1,0.2020,-2.4710,-0.2163,-1.1210,-1.4569,1.4133,0.1866,0.0000,0.0466
4115.5606,1,0.2020,-2.4710,-0.2162,-1.1210,-1.4563,1.4133,0.1860,0.0000,0.0465
4115.5772,1,0.2020,-2.4710,-0.2162,-1.1210,-1.4557,1.4133,0.1853,0.0000,0.0463
4115.5939,1,0.2020,-2.4710,-0.2163,-1.1210,-1.4550,1.4133,0.1847,0.0000,0.0462
4115.6106,1,0.2020,-2.4710,-0.2163,-1.1210,-1.4543,1.4133,0.1839,0.0000,0.0460
4115.6272,1,0.2020,-2.4710,-0.2163,-1.1210,-1.4535,1.4133,0.1832,0.0000,0.0458
4115.6440,1,0.2020,-2.4710,-0.2163,-1.1211,-1.4528,1.4133,0.1825,0.0000,0.0456
4115.6606,1,0.2020,-2.4710,-0.2164,-1.1211,-1.4522,1.4132,0.1820,0.0000,0.0455
4115.6772,1,0.2020,-2.4710,-0.2164,-1.1211,-1.4514,1.4132,0.1812,0.0000,0.0453
4115.6939,1,0.2020,-2.4710,-0.2164,-1.1211,-1.4508,1.4132,0.1806,0.0000,0.0451
4115.7106,1,0.2020,-2.4710,-0.2164,-1.1212,-1.4502,1.4132,0.1799,0.0000,0.0450
4115.7273,1,0.2020,-2.4710,-0.2163,-1.1212,-1.4495,1.4132,0.1792,0.0000,0.0448
4115.7440,1,0.2020,-2.4710,-0.2164,-1.1212,-1.4489,1.4131,0.1786,0.0000,0.0447
4115.7606,1,0.2020,-2.4710,-0.2164,-1.1212,-1.4482,1.4131,0.1780,0.0000,0.0445
4115.7773,1,0.2020,-2.4710,-0.2163,-1.1212,-1.4475,1.4131,0.1773,0.0000,0.0443
4115.7940,1,0.2020,-2.4710,-0.2163,-1.1212,-1.4469,1.4132,0.1766,0.0000,0.0442
4115.8106,1,0.2020,-2.4710,-0.2163,-1.1212,-1.4463,1.4132,0.1760,0.0000,0.0440
4115.8273,1,0.2020,-2.4710,-0.2163,-1.1212,-1.4457,1.4132,0.1754,0.0000,0.0439
4115.8440,1,0.2020,-2.4710,-0.2163,-1.1212,-1.4449,1.4132,0.1746,0.0000,0.0436
4115.8606,1,0.2020,-2.4710,-0.2163,-1.1212,-1.4443,1.4131,0.1740,0.0000,0.0435
4115.8773,1,0.2020,-2.4710,-0.2163,-1.1212,-1.4436,1.4131,0.1733,0.0000,0.0433
4115.8939,1,0.2020,-2.4710,-0.2163,-1.1212,-1.4429,1.4131,0.1727,0.0000,0.0432
4115.9106,1,0.2020,-2.4710,-0.2163,-1.1212,-1.4422,1.4131,0.1720,0.0000,0.0430
4115.9274,1,0.2020,-2.4710,-0.2164,-1.1212,-1.4416,1.4131,0.1714,0.0000,0.0428
4115.9440,1,0.2020,-2.4710,-0.2164,-1.1213,-1.4408,1.4131,0.1706,0.0000,0.0427
4115.9606,1,0.2020,-2.4710,-0.2165,-1.1214,-1.4400,1.4130,0.1699,0.0000,0.0425
4115.9773,1,0.2020,-2.4710,-0.2165,-1.1214,-1.4394,1.4130,0.1693,0.0000,0.0423
4115.9939,1,0.2020,-2.4710,-0.2165,-1.1214,-1.4388,1.4130,0.1687,0.0000,0.0422
4116.0106,1,0.2020,-2.4710,-0.2165,-1.1214,-1.4381,1.4130,0.1680,0.0000,0.0420
4116.0272,1,0.2020,-2.4710,-0.2165,-1.1215,-1.4375,1.4129,0.1674,0.0000,0.0418
4116.0440,1,0.2020,-2.4710,-0.2165,-1.1215,-1.4369,1.4129,0.1668,0.0000,0.0417
4116.0606,1,0.2020,-2.4710,-0.2165,-1.1215,-1.4362,1.4129,0.1661,0.0000,0.0415
4116.0772,1,0.2020,-2.4710,-0.2165,-1.1216,-1.4356,1.4128,0.1655,0.0000,0.0414
4116.0939,1,0.2020,-2.4710,-0.2165,-1.1216,-1.4349,1.4128,0.1648,0.0000,0.0412
4116.1106,1,0.2020,-2.4710,-0.2165,-1.1217,-1.4343,1.4128,0.1642,0.0000,0.0411
4116.1273,1,0.2020,-2.4710,-0.2165,-1.1217,-1.4337,1.4127,0.1637,0.0000,0.0409
4116.1440,1,0.2020,-2.4710,-0.2165,-1.1217,-1.4331,1.4127,0.1631,0.0000,0.0408
4116.1606,1,0.2020,-2.4710,-0.2165,-1.1217,-1.4323,1.4127,0.1623,0.0000,0.0406
4116.1773,1,0.2020,-2.4710,-0.2166,-1.1217,-1.4318,1.4127,0.1618,0.0000,0.0404
4116.1939,1,0.2020,-2.4710,-0.2166,-1.1217,-1.4310,1.4127,0.1610,0.0000,0.0403
4116.2106,1,0.2020,-2.4710,-0.2166,-1.1218,-1.4303,1.4127,0.1604,0.0000,0.0401
4116.2272,1,0.2020,-2.4710,-0.2167,-1.1218,-1.4297,1.4126,0.1598,0.0000,0.0399
4116.2440,1,0.2020,-2.4710,-0.2167,-1.1218,-1.4291,1.4126,0.1592,0.0000,0.0398
4116.2607,1,0.2020,-2.4710,-0.2167,-1.1219,-1.4285,1.4126,0.1586,0.0000,0.0397
4116.2773,1,0.2020,-2.4710,-0.2167,-1.1220,-1.4279,1.4125,0.1580,0.0000,0.0395
4116.2939,1,0.2020,-2.4710,-0.2168,-1.1220,-1.4272,1.4125,0.1574,0.0000,0.0393
4116.3106,1,0.2020,-2.4710,-0.2168,-1.1220,-1.4267,1.4125,0.1569,0.0000,0.0392
4116.3273,1,0.2020,-2.4710,-0.2168,-1.1220,-1.4261,1.4125,0.1563,0.0000,0.0391
4116.3440,1,0.2020,-2.4710,-0.2168,-1.1221,-1.4253,1.4125,0.1555,0.0000,0.0389
4116.3606,1,0.2020,-2.4710,-0.2168,-1.1221,-1.4246,1.4124,0.1549,0.0000,0.0387
4116.3773,1,0.2020,-2.4710,-0.2168,-1.1221,-1.4237,1.4125,0.1539,0.0000,0.0385
4116.3939,1,0.2020,-2.4710,-0.2168,-1.1220,-1.4234,1.4125,0.1536,0.0000,0.0384
4116.4106,1,0.2020,-2.4710,-0.2168,-1.1221,-1.4229,1.4125,0.1531,0.0000,0.0383
4116.4273,1,0.2020,-2.4710,-0.2168,-1.1221,-1.4222,1.4124,0.1525,0.0000,0.0381
4116.4440,1,0.2020,-2.4710,-0.2168,-1.1221,-1.4216,1.4125,0.1518,0.0000,0.0380
4116.4606,1,0.2020,-2.4710,-0.2168,-1.1221,-1.4209,1.4125,0.1512,0.0000,0.0378
4116.4773,1,0.2020,-2.4710,-0.2168,-1.1221,-1.4203,1.4125,0.1506,0.0000,0.0376
4116.4939,1,0.2020,-2.4710,-0.2169,-1.1221,-1.4196,1.4125,0.1499,0.0000,0.0375
4116.5106,1,0.2020,-2.4710,-0.2169,-1.1221,-1.4189,1.4125,0.1492,0.0000,0.0373
4116.5273,1,0.2020,-2.4710,-0.2169,-1.1221,-1.4182,1.4125,0.1485,0.0000,0.0371
4116.5440,1,0.2020,-2.4710,-0.2170,-1.1221,-1.4175,1.4124,0.1479,0.0000,0.0370
4116.5606,1,0.2020,-2.4710,-0.2170,-1.1221,-1.4169,1.4125,0.1473,0.0000,0.0368
4116.5773,1,0.2020,-2.4710,-0.2170,-1.1221,-1.4162,1.4124,0.1466,0.0000,0.0367
4116.5939,1,0.2020,-2.4710,-0.2170,-1.1221,-1.4156,1.4125,0.1460,0.0000,0.0365
4116.6106,1,0.2020,-2.4710,-0.2170,-1.1221,-1.4149,1.4125,0.1453,0.0000,0.0363
4116.6272,1,0.2020,-2.4710,-0.2170,-1.1221,-1.4144,1.4125,0.1448,0.0000,0.0362
4116.6440,1,0.2020,-2.4710,-0.2170,-1.1221,-1.4141,1.4125,0.1445,0.0000,0.0361
4116.6606,1,0.2020,-2.4710,-0.2170,-1.1221,-1.4139,1.4125,0.1443,0.0000,0.0361
4116.6773,1,0.2020,-2.4710,-0.2170,-1.1221,-1.4139,1.4125,0.1442,0.0000,0.0361
4116.6939,1,0.2020,-2.4710,-0.2170,-1.1221,-1.4137,1.4125,0.1440,0.0000,0.0360
4116.7106,1,0.2020,-2.4710,-0.2170,-1.1221,-1.4133,1.4125,0.1436,0.0000,0.0359
4116.7273,1,0.2020,-2.4710,-0.2170,-1.1221,-1.4128,1.4125,0.1432,0.0000,0.0358
4116.7440,1,0.2020,-2.4710,-0.2170,-1.1221,-1.4124,1.4125,0.1428,0.0000,0.0357
4116.7606,1,0.2020,-2.4710,-0.2170,-1.1221,-1.4121,1.4125,0.1425,0.0000,0.0356
4116.7773,1,0.2020,-2.4710,-0.2170,-1.1221,-1.4118,1.4125,0.1422,0.0000,0.0356
4116.7939,1,0.2020,-2.4710,-0.2170,-1.1221,-1.4116,1.4125,0.1420,0.0000,0.0355
4116.8107,1,0.2020,-2.4710,-0.2171,-1.1221,-1.4113,1.4125,0.1417,0.0000,0.0354
4116.8273,1,0.2020,-2.4710,-0.2171,-1.1221,-1.4109,1.4125,0.1413,0.0000,0.0353
4116.8440,1,0.2020,-2.4710,-0.2171,-1.1221,-1.4105,1.4125,0.1409,0.0000,0.0352
4116.8606,1,0.2020,-2.4710,-0.2171,-1.1221,-1.4102,1.4125,0.1406,0.0000,0.0352
4116.8773,1,0.2020,-2.4710,-0.2171,-1.1221,-1.4099,1.4125,0.1403,0.0000,0.0351
4116.8939,1,0.2020,-2.4710,-0.2171,-1.1221,-1.4097,1.4125,0.1401,0.0000,0.0350
4116.9106,1,0.2020,-2.4710,-0.2171,-1.1221,-1.4093,1.4125,0.1397,0.0000,0.0349
4116.9273,1,0.2020,-2.4710,-0.2171,-1.1221,-1.4090,1.4125,0.1394,0.0000,0.0349
4116.9440,1,0.2020,-2.4710,-0.2171,-1.1221,-1.4086,1.4125,0.1390,0.0000,0.0348
4116.9606,1,0.2020,-2.4710,-0.2171,-1.1222,-1.4083,1.4125,0.1388,0.0000,0.0347
4116.9773,1,0.2020,-2.4710,-0.2171,-1.1222,-1.4080,1.4125,0.1385,0.0000,0.0346
4116.9939,1,0.2020,-2.4710,-0.2173,-1.1223,-1.4073,1.4124,0.1379,0.0000,0.0345
4117.0106,1,0.2020,-2.4710,-0.2174,-1.1225,-1.4065,1.4122,0.1373,0.0000,0.0343
4117.0273,1,0.2020,-2.4710,-0.2174,-1.1225,-1.4062,1.4122,0.1370,0.0000,0.0342
4117.0440,1,0.2020,-2.4710,-0.2174,-1.1225,-1.4059,1.4122,0.1367,0.0000,0.0342
4117.0607,1,0.2020,-2.4710,-0.2175,-1.1226,-1.4056,1.4122,0.1364,0.0000,0.0341
4117.0773,1,0.2020,-2.4710,-0.2175,-1.1226,-1.4052,1.4121,0.1360,0.0000,0.0340
4117.0939,1,0.2020,-2.4710,-0.2175,-1.1226,-1.4049,1.4121,0.1357,0.0000,0.0339
4117.1106,1,0.2020,-2.4710,-0.2175,-1.1226,-1.4046,1.4122,0.1354,0.0000,0.0339
4117.1273,1,0.2020,-2.4710,-0.2175,-1.1226,-1.4042,1.4122,0.1351,0.0000,0.0338
4117.1440,1,0.2020,-2.4710,-0.2175,-1.1226,-1.4040,1.4122,0.1348,0.0000,0.0337
4117.1606,1,0.2020,-2.4710,-0.2176,-1.1226,-1.4036,1.4121,0.1345,0.0000,0.0336
4117.1773,1,0.2020,-2.4710,-0.2176,-1.1226,-1.4032,1.4122,0.1341,0.0000,0.0335
4117.1939,1,0.2020,-2.4710,-0.2176,-1.1226,-1.4030,1.4122,0.1338,0.0000,0.0335
4117.2106,1,0.2020,-2.4710,-0.2176,-1.1226,-1.4026,1.4121,0.1335,0.0000,0.0334
4117.2273,1,0.2020,-2.4710,-0.2176,-1.1226,-1.4023,1.4121,0.1332,0.0000,0.0333
4117.2440,1,0.2020,-2.4710,-0.2176,-1.1226,-1.4019,1.4121,0.1328,0.0000,0.0332
4117.2606,1,0.2020,-2.4710,-0.2176,-1.1226,-1.4018,1.4121,0.1327,0.0000,0.0332
4117.2773,1,0.2020,-2.4710,-0.2176,-1.1226,-1.4015,1.4121,0.1324,0.0000,0.0331
4117.2941,1,0.2020,-2.4710,-0.2176,-1.1227,-1.4008,1.4121,0.1318,0.0000,0.0329
4117.3107,1,0.2020,-2.4710,-0.2176,-1.1227,-1.4007,1.4121,0.1316,0.0000,0.0329
4117.3274,1,0.2020,-2.4710,-0.2176,-1.1227,-1.4004,1.4121,0.1314,0.0000,0.0328
4117.3440,1,0.2020,-2.4710,-0.2176,-1.1227,-1.4001,1.4121,0.1311,0.0000,0.0328
4117.3606,1,0.2020,-2.4710,-0.2176,-1.1227,-1.3998,1.4121,0.1307,0.0000,0.0327
4117.3773,1,0.2020,-2.4710,-0.2176,-1.1227,-1.3995,1.4121,0.1305,0.0000,0.0326
4117.3940,1,0.2020,-2.4710,-0.2176,-1.1227,-1.3990,1.4121,0.1299,0.0000,0.0325
4117.4106,1,0.2020,-2.4710,-0.2176,-1.1227,-1.3988,1.4121,0.1298,0.0000,0.0324
4117.4272,1,0.2020,-2.4710,-0.2176,-1.1227,-1.3986,1.4121,0.1295,0.0000,0.0324
4117.4440,1,0.2020,-2.4710,-0.2176,-1.1227,-1.3983,1.4121,0.1292,0.0000,0.0323
4117.4606,1,0.2020,-2.4710,-0.2177,-1.1227,-1.3977,1.4121,0.1287,0.0000,0.0322
4117.4773,1,0.2020,-2.4710,-0.2177,-1.1227,-1.3976,1.4121,0.1285,0.0000,0.0321
4117.4939,1,0.2020,-2.4710,-0.2176,-1.1227,-1.3972,1.4121,0.1282,0.0000,0.0320
4117.5106,1,0.2020,-2.4710,-0.2177,-1.1227,-1.3969,1.4121,0.1278,0.0000,0.0320
4117.5274,1,0.2020,-2.4710,-0.2177,-1.1227,-1.3965,1.4121,0.1275,0.0000,0.0319
4117.5440,1,0.2020,-2.4710,-0.2177,-1.1227,-1.3961,1.4121,0.1271,0.0000,0.0318
4117.5606,1,0.2020,-2.4710,-0.2178,-1.1227,-1.3958,1.4121,0.1268,0.0000,0.0317
4117.5773,1,0.2020,-2.4710,-0.2178,-1.1228,-1.3956,1.4121,0.1266,0.0000,0.0316
4117.5939,1,0.2020,-2.4710,-0.2178,-1.1228,-1.3953,1.4121,0.1263,0.0000,0.0316
4117.6106,1,0.2020,-2.4710,-0.2178,-1.1228,-1.3949,1.4121,0.1260,0.0000,0.0315
4117.6272,1,0.2020,-2.4710,-0.2178,-1.1228,-1.3946,1.4121,0.1257,0.0000,0.0314
4117.6439,1,0.2020,-2.4710,-0.2179,-1.1228,-1.3943,1.4120,0.1254,0.0000,0.0314
4117.6606,1,0.2020,-2.4710,-0.2179,-1.1228,-1.3941,1.4120,0.1252,0.0000,0.0313
4117.6773,1,0.2020,-2.4710,-0.2179,-1.1229,-1.3938,1.4120,0.1249,0.0000,0.0312
4117.6939,1,0.2020,-2.4710,-0.2179,-1.1229,-1.3934,1.4120,0.1246,0.0000,0.0312
4117.7106,1,0.2020,-2.4710,-0.2179,-1.1229,-1.3930,1.4120,0.1241,0.0000,0.0310
4117.7273,1,0.2020,-2.4710,-0.2179,-1.1229,-1.3927,1.4120,0.1238,0.0000,0.0310
4117.7440,1,0.2020,-2.4710,-0.2179,-1.1229,-1.3923,1.4120,0.1235,0.0000,0.0309
4117.7606,1,0.2020,-2.4710,-0.2179,-1.1229,-1.3920,1.4120,0.1232,0.0000,0.0308
4117.7773,1,0.2020,-2.4710,-0.2180,-1.1229,-1.3917,1.4120,0.1229,0.0000,0.0307
4117.7939,1,0.2020,-2.4710,-0.2180,-1.1229,-1.3914,1.4120,0.1226,0.0000,0.0306
4117.8106,1,0.2020,-2.4710,-0.2180,-1.1229,-1.3910,1.4120,0.1222,0.0000,0.0306
4117.8274,1,0.2020,-2.4710,-0.2180,-1.1229,-1.3906,1.4121,0.1218,0.0000,0.0305
4117.8439,1,0.2020,-2.4710,-0.2180,-1.1228,-1.3903,1.4121,0.1215,0.0000,0.0304
4117.8606,1,0.2020,-2.4710,-0.2180,-1.1228,-1.3899,1.4121,0.1211,0.0000,0.0303
4117.8773,1,0.2020,-2.4710,-0.2180,-1.1228,-1.3896,1.4121,0.1208,0.0000,0.0302
4117.8939,1,0.2020,-2.4710,-0.2180,-1.1228,-1.3893,1.4121,0.1205,0.0000,0.0301
4117.9106,1,0.2020,-2.4710,-0.2180,-1.1228,-1.3890,1.4121,0.1203,0.0000,0.0301
4117.9273,1,0.2020,-2.4710,-0.2181,-1.1228,-1.3887,1.4121,0.1200,0.0000,0.0300
4117.9440,1,0.2020,-2.4710,-0.2181,-1.1229,-1.3883,1.4121,0.1196,0.0000,0.0299
4117.9606,1,0.2020,-2.4710,-0.2181,-1.1229,-1.3880,1.4121,0.1193,0.0000,0.0298
4117.9773,1,0.2020,-2.4710,-0.2181,-1.1229,-1.3877,1.4120,0.1190,0.0000,0.0297
4117.9939,1,0.2020,-2.4710,-0.2181,-1.1229,-1.3874,1.4120,0.1187,0.0000,0.0297
4118.0106,1,0.2020,-2.4710,-0.2181,-1.1229,-1.3871,1.4120,0.1184,0.0000,0.0296
4118.0273,1,0.2020,-2.4710,-0.2181,-1.1229,-1.3869,1.4120,0.1182,0.0000,0.0295
4118.0440,1,0.2020,-2.4710,-0.2181,-1.1229,-1.3865,1.4120,0.1178,0.0000,0.0295
4118.0606,1,0.2020,-2.4710,-0.2182,-1.1230,-1.3862,1.4120,0.1175,0.0000,0.0294
4118.0773,1,0.2020,-2.4710,-0.2182,-1.1230,-1.3858,1.4120,0.1172,0.0000,0.0293
4118.0939,1,0.2020,-2.4710,-0.2182,-1.1230,-1.3855,1.4120,0.1169,0.0000,0.0292
4118.1106,1,0.2020,-2.4710,-0.2182,-1.1230,-1.3853,1.4120,0.1167,0.0000,0.0292
4118.1273,1,0.2020,-2.4710,-0.2182,-1.1230,-1.3851,1.4120,0.1165,0.0000,0.0291
4118.1440,1,0.2020,-2.4710,-0.2182,-1.1230,-1.3845,1.4120,0.1159,0.0000,0.0290
4118.1606,1,0.2020,-2.4710,-0.2183,-1.1230,-1.3841,1.4120,0.1156,0.0000,0.0289
4118.1773,1,0.2020,-2.4710,-0.2183,-1.1230,-1.3838,1.4120,0.1152,0.0000,0.0288
4118.1939,1,0.2020,-2.4710,-0.2183,-1.1230,-1.3835,1.4120,0.1150,0.0000,0.0287
4118.2106,1,0.2020,-2.4710,-0.2183,-1.1230,-1.3832,1.4120,0.1147,0.0000,0.0287
4118.2272,1,0.2020,-2.4710,-0.2184,-1.1230,-1.3828,1.4120,0.1143,0.0000,0.0286
4118.2440,1,0.2020,-2.4710,-0.2184,-1.1230,-1.3825,1.4120,0.1140,0.0000,0.0285
4118.2606,1,0.2020,-2.4710,-0.2184,-1.1231,-1.3822,1.4120,0.1137,0.0000,0.0284
4118.2773,1,0.2020,-2.4710,-0.2184,-1.1231,-1.3819,1.4120,0.1135,0.0000,0.0284
4118.2939,1,0.2020,-2.4710,-0.2184,-1.1231,-1.3816,1.4120,0.1132,0.0000,0.0283
4118.3106,1,0.2020,-2.4710,-0.2184,-1.1231,-1.3813,1.4120,0.1128,0.0000,0.0282
4118.3273,1,0.2020,-2.4710,-0.2184,-1.1231,-1.3811,1.4120,0.1126,0.0000,0.0281
4118.3440,1,0.2020,-2.4710,-0.2184,-1.1231,-1.3808,1.4120,0.1123,0.0000,0.0281
4118.3606,1,0.2020,-2.4710,-0.2185,-1.1231,-1.3805,1.4120,0.1120,0.0000,0.0280
4118.3773,1,0.2020,-2.4710,-0.2185,-1.1231,-1.3801,1.4120,0.1117,0.0000,0.0279
4118.3939,1,0.2020,-2.4710,-0.2185,-1.1231,-1.3798,1.4120,0.1114,0.0000,0.0279
4118.4106,1,0.2020,-2.4710,-0.2185,-1.1231,-1.3795,1.4120,0.1111,0.0000,0.0278
4118.4273,1,0.2020,-2.4710,-0.2185,-1.1231,-1.3792,1.4119,0.1108,0.0000,0.0277
4118.4440,1,0.2020,-2.4710,-0.2185,-1.1232,-1.3789,1.4119,0.1105,0.0000,0.0276
4118.4606,1,0.2020,-2.4710,-0.2185,-1.1232,-1.3786,1.4119,0.1102,0.0000,0.0276
4118.4773,1,0.2020,-2.4710,-0.2185,-1.1231,-1.3783,1.4119,0.1099,0.0000,0.0275
4118.4939,1,0.2020,-2.4710,-0.2186,-1.1231,-1.3780,1.4119,0.1097,0.0000,0.0274
4118.5106,1,0.2020,-2.4710,-0.2186,-1.1231,-1.3776,1.4120,0.1092,0.0000,0.0273
4118.5274,1,0.2020,-2.4710,-0.2186,-1.1231,-1.3773,1.4120,0.1089,0.0000,0.0272
4118.5440,1,0.2020,-2.4710,-0.2186,-1.1231,-1.3769,1.4120,0.1086,0.0000,0.0271
4118.5606,1,0.2020,-2.4710,-0.2186,-1.1231,-1.3766,1.4120,0.1083,0.0000,0.0271
4118.5773,1,0.2020,-2.4710,-0.2186,-1.1231,-1.3762,1.4120,0.1079,0.0000,0.0270
4118.5940,1,0.2020,-2.4710,-0.2186,-1.1231,-1.3759,1.4120,0.1076,0.0000,0.0269
4118.6106,1,0.2020,-2.4710,-0.2187,-1.1231,-1.3755,1.4120,0.1073,0.0000,0.0268
4118.6274,1,0.2020,-2.4710,-0.2187,-1.1231,-1.3751,1.4120,0.1069,0.0000,0.0267
4118.6440,1,0.2020,-2.4710,-0.2187,-1.1231,-1.3749,1.4120,0.1067,0.0000,0.0267
4118.6606,1,0.2020,-2.4710,-0.2188,-1.1232,-1.3745,1.4120,0.1063,0.0000,0.0266
4118.6773,1,0.2020,-2.4710,-0.2188,-1.1232,-1.3741,1.4120,0.1059,0.0000,0.0265
4118.6939,1,0.2020,-2.4710,-0.2189,-1.1232,-1.3737,1.4120,0.1055,0.0000,0.0264
4118.7106,1,0.2020,-2.4710,-0.2189,-1.1232,-1.3733,1.4120,0.1052,0.0000,0.0263
4118.7273,1,0.2020,-2.4710,-0.2189,-1.1232,-1.3730,1.4120,0.1049,0.0000,0.0262
4118.7441,1,0.2020,-2.4710,-0.2189,-1.1232,-1.3727,1.4120,0.1046,0.0000,0.0262
4118.7606,1,0.2020,-2.4710,-0.2189,-1.1232,-1.3724,1.4120,0.1043,0.0000,0.0261
4118.7773,1,0.2020,-2.4710,-0.2189,-1.1232,-1.3721,1.4120,0.1040,0.0000,0.0260
4118.7940,1,0.2020,-2.4710,-0.2189,-1.1232,-1.3718,1.4120,0.1037,0.0000,0.0259
4118.8106,1,0.2020,-2.4710,-0.2190,-1.1232,-1.3714,1.4120,0.1034,0.0000,0.0258
4118.8273,1,0.2020,-2.4710,-0.2190,-1.1232,-1.3711,1.4120,0.1030,0.0000,0.0258
4118.8440,1,0.2020,-2.4710,-0.2190,-1.1232,-1.3708,1.4120,0.1027,0.0000,0.0257
4118.8606,1,0.2020,-2.4710,-0.2190,-1.1233,-1.3706,1.4119,0.1026,0.0000,0.0256
4118.8773,1,0.2020,-2.4710,-0.2190,-1.1233,-1.3703,1.4120,0.1023,0.0000,0.0256
4118.8939,1,0.2020,-2.4710,-0.2190,-1.1233,-1.3699,1.4120,0.1019,0.0000,0.0255
4118.9106,1,0.2020,-2.4710,-0.2190,-1.1233,-1.3696,1.4120,0.1016,0.0000,0.0254
4118.9273,1,0.2020,-2.4710,-0.2190,-1.1233,-1.3692,1.4120,0.1012,0.0000,0.0253
4118.9440,1,0.2020,-2.4710,-0.2190,-1.1232,-1.3689,1.4120,0.1009,0.0000,0.0252
4118.9606,1,0.2020,-2.4710,-0.2191,-1.1232,-1.3686,1.4120,0.1006,0.0000,0.0252
4118.9773,1,0.2020,-2.4710,-0.2191,-1.1232,-1.3684,1.4120,0.1004,0.0000,0.0251
4118.9939,1,0.2020,-2.4710,-0.2191,-1.1232,-1.3682,1.4120,0.1002,0.0000,0.0250
4119.0106,1,0.2020,-2.4710,-0.2191,-1.1232,-1.3678,1.4120,0.0999,0.0000,0.0250
4119.0273,1,0.2020,-2.4710,-0.2191,-1.1232,-1.3675,1.4120,0.0995,0.0000,0.0249
4119.0440,1,0.2020,-2.4710,-0.2191,-1.1232,-1.3672,1.4120,0.0993,0.0000,0.0248
4119.0607,1,0.2020,-2.4710,-0.2190,-1.1232,-1.3668,1.4120,0.0988,0.0000,0.0247
4119.0773,1,0.2020,-2.4710,-0.2191,-1.1232,-1.3664,1.4120,0.0984,0.0000,0.0246
4119.0939,1,0.2020,-2.4710,-0.2192,-1.1233,-1.3661,1.4120,0.0982,0.0000,0.0245
4119.1106,1,0.2020,-2.4710,-0.2192,-1.1233,-1.3658,1.4120,0.0979,0.0000,0.0245
4119.1273,1,0.2020,-2.4710,-0.2192,-1.1233,-1.3654,1.4120,0.0975,0.0000,0.0244
4119.1440,1,0.2020,-2.4710,-0.2192,-1.1233,-1.3651,1.4120,0.0972,0.0000,0.0243
4119.1608,1,0.2020,-2.4710,-0.2192,-1.1232,-1.3647,1.4120,0.0968,0.0000,0.0242
4119.1773,1,0.2020,-2.4710,-0.2193,-1.1233,-1.3644,1.4120,0.0965,0.0000,0.0241
4119.1940,1,0.2020,-2.4710,-0.2193,-1.1232,-1.3640,1.4121,0.0961,0.0000,0.0240
4119.2106,1,0.2020,-2.4710,-0.2193,-1.1232,-1.3636,1.4121,0.0958,0.0000,0.0239
4119.2272,1,0.2020,-2.4710,-0.2193,-1.1232,-1.3633,1.4121,0.0955,0.0000,0.0239
4119.2440,1,0.2020,-2.4710,-0.2193,-1.1232,-1.3630,1.4121,0.0952,0.0000,0.0238
4119.2606,1,0.2020,-2.4710,-0.2193,-1.1232,-1.3627,1.4121,0.0948,0.0000,0.0237
4119.2773,1,0.2020,-2.4710,-0.2193,-1.1232,-1.3623,1.4121,0.0945,0.0000,0.0236
4119.2939,1,0.2020,-2.4710,-0.2194,-1.1232,-1.3621,1.4121,0.0943,0.0000,0.0236
4119.3106,1,0.2020,-2.4710,-0.2194,-1.1233,-1.3617,1.4121,0.0939,0.0000,0.0235
4119.3273,1,0.2020,-2.4710,-0.2194,-1.1233,-1.3615,1.4120,0.0937,0.0000,0.0234
4119.3440,1,0.2020,-2.4710,-0.2194,-1.1233,-1.3612,1.4120,0.0935,0.0000,0.0234
4119.3607,1,0.2020,-2.4710,-0.2194,-1.1233,-1.3609,1.4120,0.0932,0.0000,0.0233
4119.3773,1,0.2020,-2.4710,-0.2194,-1.1233,-1.3606,1.4120,0.0929,0.0000,0.0232
4119.3939,1,0.2020,-2.4710,-0.2194,-1.1233,-1.3603,1.4120,0.0925,0.0000,0.0231
4119.4106,1,0.2020,-2.4710,-0.2195,-1.1233,-1.3600,1.4120,0.0923,0.0000,0.0231
4119.4273,1,0.2020,-2.4710,-0.2195,-1.1233,-1.3597,1.4120,0.0920,0.0000,0.0230
4119.4440,1,0.2020,-2.4710,-0.2195,-1.1233,-1.3594,1.4121,0.0917,0.0000,0.0229
4119.4607,1,0.2020,-2.4710,-0.2195,-1.1233,-1.3588,1.4121,0.0911,0.0000,0.0228
4119.4773,1,0.2020,-2.4710,-0.2195,-1.1233,-1.3586,1.4121,0.0909,0.0000,0.0227
4119.4939,1,0.2020,-2.4710,-0.2195,-1.1232,-1.3583,1.4121,0.0906,0.0000,0.0226
4119.5106,1,0.2020,-2.4710,-0.2195,-1.1232,-1.3578,1.4121,0.0901,0.0000,0.0225
4119.5273,1,0.2020,-2.4710,-0.2196,-1.1232,-1.3574,1.4122,0.0897,0.0000,0.0224
4119.5440,1,0.2020,-2.4710,-0.2196,-1.1232,-1.3572,1.4122,0.0896,0.0000,0.0224
4119.5606,1,0.2020,-2.4710,-0.2196,-1.1232,-1.3569,1.4122,0.0892,0.0000,0.0223
4119.5773,1,0.2020,-2.4710,-0.2196,-1.1233,-1.3565,1.4122,0.0889,0.0000,0.0222
4119.5939,1,0.2020,-2.4710,-0.2196,-1.1233,-1.3562,1.4122,0.0886,0.0000,0.0222
4119.6106,1,0.2020,-2.4710,-0.2196,-1.1232,-1.3558,1.4122,0.0882,0.0000,0.0221
4119.6273,1,0.2020,-2.4710,-0.2196,-1.1232,-1.3555,1.4122,0.0879,0.0000,0.0220
4119.6440,1,0.2020,-2.4710,-0.2196,-1.1232,-1.3552,1.4122,0.0876,0.0000,0.0219
4119.6606,1,0.2020,-2.4710,-0.2197,-1.1232,-1.3549,1.4122,0.0873,0.0000,0.0218
4119.6772,1,0.2020,-2.4710,-0.2197,-1.1232,-1.3546,1.4122,0.0870,0.4000,0.0000
4119.6939,1,0.2020,-2.4710,-0.2197,-1.1232,-1.3543,1.4122,0.0867,0.4000,0.0000
4119.7106,1,0.2020,-2.4710,-0.2196,-1.1232,-1.3540,1.4122,0.0864,0.4000,0.0000
4119.7273,1,0.2020,-2.4710,-0.2197,-1.1232,-1.3537,1.4122,0.0861,0.4000,0.0000
4119.7440,1,0.2020,-2.4710,-0.2197,-1.1232,-1.3533,1.4122,0.0858,0.4000,0.0000
4119.7606,1,0.2020,-2.4710,-0.2197,-1.1232,-1.3530,1.4122,0.0854,0.4000,0.0000
4119.7773,1,0.2020,-2.4710,-0.2197,-1.1232,-1.3527,1.4122,0.0852,0.4000,0.0000
4119.7939,1,0.2020,-2.4710,-0.2197,-1.1232,-1.3523,1.4123,0.0847,0.4000,0.0000
4119.8106,1,0.2020,-2.4710,-0.2197,-1.1233,-1.3519,1.4122,0.0844,0.4000,0.0000
4119.8272,1,0.2020,-2.4710,-0.2194,-1.1237,-1.3513,1.4116,0.0837,0.4000,0.0000
4119.8439,1,0.2020,-2.4710,-0.2187,-1.1249,-1.3505,1.4104,0.0827,0.4000,0.0000
4119.8606,1,0.2020,-2.4710,-0.2177,-1.1269,-1.3486,1.4081,0.0805,0.4000,0.0000
4119.8773,1,0.2020,-2.4710,-0.2164,-1.1300,-1.3462,1.4047,0.0778,0.4000,0.0000
4119.8939,1,0.2020,-2.4710,-0.2148,-1.1341,-1.3440,1.4004,0.0753,0.4000,0.0000
4119.9106,1,0.2020,-2.4710,-0.2130,-1.1393,-1.3431,1.3949,0.0744,0.4000,0.0000
4119.9273,1,0.2020,-2.4710,-0.2112,-1.1452,-1.3435,1.3887,0.0748,0.4000,0.0000
4119.9440,1,0.2020,-2.4710,-0.2095,-1.1522,-1.3443,1.3815,0.0760,0.4000,0.0000
4119.9606,1,0.2020,-2.4710,-0.2078,-1.1600,-1.3444,1.3735,0.0766,0.4000,0.0000
4119.9773,1,0.2020,-2.4710,-0.2061,-1.1684,-1.3445,1.3650,0.0772,0.4000,0.0000
4119.9939,1,0.2020,-2.4710,-0.2042,-1.1767,-1.3445,1.3566,0.0778,0.4000,0.0000
4120.0106,1,0.2020,-2.4710,-0.2020,-1.1844,-1.3452,1.3485,0.0786,0.4000,0.0000
4120.0273,1,0.2020,-2.4710,-0.2000,-1.1919,-1.3452,1.3408,0.0790,0.4000,0.0000
4120.0440,1,0.2020,-2.4710,-0.1981,-1.1994,-1.3448,1.3331,0.0788,0.4000,0.0000
4120.0606,1,0.2020,-2.4710,-0.1962,-1.2065,-1.3445,1.3257,0.0788,0.4000,0.0000
4120.0773,1,0.2020,-2.4710,-0.1945,-1.2133,-1.3445,1.3187,0.0791,0.4000,0.0000
4120.0940,1,0.2020,-2.4710,-0.1928,-1.2195,-1.3448,1.3123,0.0796,0.4000,0.0000
4120.1106,1,0.2020,-2.4710,-0.1914,-1.2255,-1.3449,1.3061,0.0800,0.4000,0.0000
4120.1273,1,0.2020,-2.4710,-0.1900,-1.2315,-1.3444,1.3001,0.0799,0.4000,0.0000
4120.1440,1,0.2020,-2.4710,-0.1886,-1.2371,-1.3442,1.2943,0.0800,0.4000,0.0000
4120.1606,1,0.2020,-2.4710,-0.1872,-1.2427,-1.3444,1.2885,0.0804,0.4000,0.0000
4120.1773,1,0.2020,-2.4710,-0.1858,-1.2484,-1.3443,1.2826,0.0806,0.4000,0.0000
4120.1939,1,0.2020,-2.4710,-0.1846,-1.2541,-1.3444,1.2768,0.0812,0.4000,0.0000
4120.2106,1,0.2020,-2.4710,-0.1833,-1.2598,-1.3440,1.2710,0.0812,0.4000,0.0000
4120.2273,1,0.2020,-2.4710,-0.1816,-1.2653,-1.3442,1.2652,0.0814,0.4000,0.0000
4120.2440,1,0.2020,-2.4710,-0.1799,-1.2715,-1.3438,1.2589,0.0812,0.4000,0.0000
4120.2610,1,0.2020,-2.4710,-0.1780,-1.2778,-1.3437,1.2523,0.0812,0.4000,0.0000
4120.2774,1,0.2020,-2.4710,-0.1762,-1.2844,-1.3441,1.2454,0.0819,0.4000,0.0000
4120.2940,1,0.2020,-2.4710,-0.1742,-1.2909,-1.3446,1.2386,0.0824,0.4000,0.0000
4120.3106,1,0.2020,-2.4710,-0.1724,-1.2976,-1.3442,1.2317,0.0823,0.4000,0.0000
4120.3273,1,0.2020,-2.4710,-0.1709,-1.3046,-1.3440,1.2245,0.0826,0.4000,0.0000
4120.3440,1,0.2020,-2.4710,-0.1692,-1.3112,-1.3440,1.2177,0.0830,0.4000,0.0000
4120.3606,1,0.2020,-2.4710,-0.1678,-1.3178,-1.3438,1.2111,0.0833,0.4000,0.0000
4120.3773,1,0.2020,-2.4710,-0.1663,-1.3239,-1.3439,1.2047,0.0838,0.4000,0.0000
4120.3939,1,0.2020,-2.4710,-0.1647,-1.3304,-1.3440,1.1981,0.0842,0.4000,0.0000
4120.4106,1,0.2020,-2.4710,-0.1629,-1.3367,-1.3446,1.1915,0.0851,0.4000,0.0000
4120.4272,1,0.2020,-2.4710,-0.1617,-1.3434,-1.3441,1.1848,0.0853,0.4000,0.0000
4120.4440,1,0.2020,-2.4710,-0.1598,-1.3493,-1.3443,1.1786,0.0856,0.4000,0.0000
4120.4606,1,0.2020,-2.4710,-0.1583,-1.3554,-1.3444,1.1723,0.0860,0.4000,0.0000
4120.4772,1,0.2020,-2.4710,-0.1567,-1.3614,-1.3444,1.1662,0.0863,0.4000,0.0000
4120.4940,1,0.2020,-2.4710,-0.1550,-1.3670,-1.3447,1.1603,0.0867,0.4000,0.0000
4120.5106,1,0.2020,-2.4710,-0.1536,-1.3732,-1.3441,1.1540,0.0866,0.4000,0.0000
4120.5273,1,0.2020,-2.4710,-0.1519,-1.3790,-1.3446,1.1479,0.0873,0.4000,0.0000
4120.5440,1,0.2020,-2.4710,-0.1504,-1.3851,-1.3443,1.1417,0.0873,0.0000,0.0218
4120.5606,1,0.2020,-2.4710,-0.1491,-1.3916,-1.3441,1.1351,0.0877,0.0000,0.0219
4120.5772,1,0.2020,-2.4710,-0.1472,-1.3979,-1.3445,1.1285,0.0883,0.0000,0.0221
4120.5939,1,0.2020,-2.4710,-0.1454,-1.4043,-1.3448,1.1219,0.0889,0.0000,0.0222
4120.6106,1,0.2020,-2.4710,-0.1438,-1.4109,-1.3451,1.1151,0.0896,0.0000,0.0224
4120.6272,1,0.2020,-2.4710,-0.1420,-1.4173,-1.3452,1.1085,0.0900,0.0000,0.0225
4120.6440,1,0.2020,-2.4710,-0.1404,-1.4236,-1.3451,1.1019,0.0902,0.0000,0.0226
4120.6606,1,0.2020,-2.4710,-0.1384,-1.4297,-1.3441,1.0955,0.0893,0.0000,0.0223
4120.6773,1,0.2020,-2.4710,-0.1368,-1.4360,-1.3437,1.0890,0.0892,0.0000,0.0223
4120.6939,1,0.2020,-2.4710,-0.1351,-1.4422,-1.3433,1.0826,0.0891,0.0000,0.0223
4120.7106,1,0.2020,-2.4710,-0.1336,-1.4484,-1.3433,1.0763,0.0897,0.0000,0.0224
4120.7273,1,0.2020,-2.4710,-0.1322,-1.4543,-1.3436,1.0702,0.0904,0.0000,0.0226
4120.7440,1,0.2020,-2.4710,-0.1309,-1.4599,-1.3439,1.0645,0.0912,0.0000,0.0228
4120.7606,1,0.2020,-2.4710,-0.1299,-1.4650,-1.3437,1.0593,0.0916,0.0000,0.0229
4120.7773,1,0.2020,-2.4710,-0.1290,-1.4690,-1.3429,1.0552,0.0911,0.0000,0.0228
4120.7939,1,0.2020,-2.4710,-0.1282,-1.4719,-1.3426,1.0522,0.0910,0.0000,0.0228
4120.8106,1,0.2020,-2.4710,-0.1279,-1.4733,-1.3429,1.0508,0.0915,0.0000,0.0229
4120.8273,1,0.2020,-2.4710,-0.1278,-1.4733,-1.3434,1.0508,0.0918,0.0000,0.0230
4120.8440,1,0.2020,-2.4710,-0.1280,-1.4720,-1.3433,1.0521,0.0915,0.0000,0.0229
4120.8606,1,0.2020,-2.4710,-0.1285,-1.4699,-1.3426,1.0543,0.0907,0.0000,0.0227
4120.8772,1,0.2020,-2.4710,-0.1292,-1.4675,-1.3419,1.0567,0.0899,0.0000,0.0225
4120.8940,1,0.2020,-2.4710,-0.1296,-1.4653,-1.3409,1.0590,0.0886,0.0000,0.0222
4120.9106,1,0.2020,-2.4710,-0.1302,-1.4632,-1.3409,1.0611,0.0885,0.0000,0.0221
4120.9273,1,0.2020,-2.4710,-0.1307,-1.4614,-1.3414,1.0630,0.0889,0.0000,0.0222
4120.9439,1,0.2020,-2.4710,-0.1311,-1.4598,-1.3418,1.0646,0.0892,0.0000,0.0223
4120.9606,1,0.2020,-2.4710,-0.1312,-1.4586,-1.3418,1.0658,0.0889,0.0000,0.0222
4120.9773,1,0.2020,-2.4710,-0.1312,-1.4582,-1.3412,1.0662,0.0882,0.0000,0.0221
4120.9939,1,0.2020,-2.4710,-0.1311,-1.4582,-1.3406,1.0662,0.0876,0.0000,0.0219
4121.0106,1,0.2020,-2.4710,-0.1311,-1.4587,-1.3402,1.0657,0.0873,0.4000,0.0000
4121.0273,1,0.2020,-2.4710,-0.1310,-1.4596,-1.3402,1.0648,0.0875,0.0000,0.0219
4121.0440,1,0.2020,-2.4710,-0.1308,-1.4606,-1.3404,1.0638,0.0878,0.0000,0.0220
4121.0606,1,0.2020,-2.4710,-0.1306,-1.4615,-1.3412,1.0629,0.0886,0.0000,0.0222
4121.0773,1,0.2020,-2.4710,-0.1302,-1.4624,-1.3419,1.0619,0.0893,0.0000,0.0223
4121.0939,1,0.2020,-2.4710,-0.1299,-1.4632,-1.3421,1.0611,0.0895,0.0000,0.0224
4121.1106,1,0.2020,-2.4710,-0.1300,-1.4638,-1.3425,1.0605,0.0901,0.0000,0.0225
4121.1273,1,0.2020,-2.4710,-0.1299,-1.4640,-1.3412,1.0603,0.0889,0.0000,0.0222
4121.1440,1,0.2020,-2.4710,-0.1300,-1.4640,-1.3403,1.0603,0.0880,0.0000,0.0220
4121.1606,1,0.2020,-2.4710,-0.1302,-1.4639,-1.3402,1.0605,0.0880,0.0000,0.0220
4121.1773,1,0.2020,-2.4710,-0.1303,-1.4635,-1.3406,1.0609,0.0885,0.0000,0.0221
4121.1939,1,0.2020,-2.4710,-0.1304,-1.4630,-1.3411,1.0614,0.0889,0.0000,0.0222
4121.2106,1,0.2020,-2.4710,-0.1304,-1.4624,-1.3416,1.0620,0.0892,0.0000,0.0223
4121.2273,1,0.2020,-2.4710,-0.1305,-1.4618,-1.3419,1.0626,0.0894,0.0000,0.0224
4121.2440,1,0.2020,-2.4710,-0.1306,-1.4614,-1.3412,1.0630,0.0886,0.0000,0.0222
4121.2606,1,0.2020,-2.4710,-0.1307,-1.4613,-1.3402,1.0631,0.0878,0.0000,0.0219
4121.2773,1,0.2020,-2.4710,-0.1307,-1.4614,-1.3395,1.0630,0.0871,0.4000,0.0000
4121.2939,1,0.2020,-2.4710,-0.1307,-1.4617,-1.3395,1.0627,0.0871,0.4000,0.0000
4121.3106,1,0.2020,-2.4710,-0.1305,-1.4622,-1.3396,1.0622,0.0872,0.4000,0.0000
4121.3273,1,0.2020,-2.4710,-0.1304,-1.4627,-1.3399,1.0617,0.0875,0.0000,0.0219
4121.3440,1,0.2020,-2.4710,-0.1303,-1.4630,-1.3400,1.0614,0.0876,0.0000,0.0219
4121.3606,1,0.2020,-2.4710,-0.1303,-1.4631,-1.3399,1.0613,0.0876,0.0000,0.0219
4121.3773,1,0.2020,-2.4710,-0.1304,-1.4630,-1.3398,1.0614,0.0875,0.0000,0.0219
4121.3939,1,0.2020,-2.4710,-0.1306,-1.4629,-1.3396,1.0616,0.0874,0.0000,0.0219
4121.4106,1,0.2020,-2.4710,-0.1307,-1.4626,-1.3393,1.0619,0.0872,0.4000,0.0000
4121.4273,1,0.2020,-2.4710,-0.1307,-1.4624,-1.3389,1.0621,0.0867,0.4000,0.0000
4121.4440,1,0.2020,-2.4710,-0.1307,-1.4622,-1.3386,1.0622,0.0864,0.4000,0.0000
4121.4607,1,0.2020,-2.4710,-0.1306,-1.4622,-1.3385,1.0622,0.0862,0.4000,0.0000
4121.4773,1,0.2020,-2.4710,-0.1306,-1.4622,-1.3384,1.0622,0.0861,0.4000,0.0000
4121.4939,1,0.2020,-2.4710,-0.1306,-1.4625,-1.3382,1.0619,0.0860,0.4000,0.0000
4121.5106,1,0.2020,-2.4710,-0.1306,-1.4627,-1.3382,1.0618,0.0860,0.4000,0.0000
4121.5273,1,0.2020,-2.4710,-0.1303,-1.4632,-1.3383,1.0612,0.0860,0.4000,0.0000
4121.5440,1,0.2020,-2.4710,-0.1297,-1.4642,-1.3380,1.0600,0.0854,0.4000,0.0000
4121.5606,1,0.2020,-2.4710,-0.1290,-1.4660,-1.3372,1.0581,0.0846,0.4000,0.0000
4121.5773,1,0.2020,-2.4710,-0.1282,-1.4686,-1.3362,1.0554,0.0836,0.4000,0.0000
4121.5939,1,0.2020,-2.4710,-0.1270,-1.4725,-1.3360,1.0513,0.0835,0.4000,0.0000
